sensor_id,timestamp,temperature,humidity,location,sensor_type
1011,2025-04-05T17:25:40.000Z,28.61,49.68,BuildingA_Floor2,TypeB
1093,2025-04-05T10:46:35.000Z,32.79,53.15,BuildingB_Floor1,TypeA
1013,2025-04-03T18:12:00.000Z,19.3,47.96,BuildingB_Floor2,TypeC
1045,2025-04-02T21:43:04.000Z,21.39,51.32,BuildingA_Floor2,TypeB
1018,2025-04-07T12:20:34.000Z,17.49,57.83,BuildingB_Floor1,TypeB
1011,2025-04-07T01:18:24.000Z,29.22,52.06,BuildingA_Floor2,TypeA
1070,2025-04-02T23:21:23.000Z,27.41,73.21,BuildingA_Floor1,TypeB
1045,2025-04-04T10:16:25.000Z,24.32,56.83,BuildingA_Floor1,TypeC
1065,2025-04-03T17:47:52.000Z,29.04,63.56,BuildingA_Floor2,TypeB
1090,2025-04-06T20:43:24.000Z,29.73,41.27,BuildingA_Floor2,TypeC
1053,2025-04-06T01:10:40.000Z,24.64,58.8,BuildingB_Floor2,TypeA
1064,2025-04-07T05:48:23.000Z,31.79,61.59,BuildingA_Floor2,TypeA
1085,2025-04-04T02:38:51.000Z,18.5,63.27,BuildingA_Floor2,TypeA
1095,2025-04-05T15:07:11.000Z,16.0,56.58,BuildingA_Floor2,TypeA
1021,2025-04-03T10:13:49.000Z,31.83,33.28,BuildingB_Floor1,TypeB
1025,2025-04-06T17:14:53.000Z,22.11,64.06,BuildingA_Floor2,TypeB
1081,2025-04-07T11:58:51.000Z,23.94,39.41,BuildingB_Floor1,TypeC
1088,2025-04-04T14:09:03.000Z,18.55,61.23,BuildingA_Floor2,TypeC
1048,2025-04-05T15:16:29.000Z,28.82,52.31,BuildingB_Floor1,TypeB
1096,2025-04-04T23:10:51.000Z,23.26,74.33,BuildingA_Floor1,TypeB
1008,2025-04-03T19:53:12.000Z,19.63,63.68,BuildingA_Floor1,TypeB
1065,2025-04-06T03:45:12.000Z,25.63,61.87,BuildingA_Floor1,TypeB
1078,2025-04-03T15:35:38.000Z,20.4,48.48,BuildingB_Floor2,TypeC
1098,2025-04-06T04:04:23.000Z,20.0,74.42,BuildingA_Floor2,TypeB
1016,2025-04-05T01:58:57.000Z,28.82,65.73,BuildingB_Floor2,TypeB
1092,2025-04-06T05:32:39.000Z,34.5,70.02,BuildingA_Floor1,TypeA
1033,2025-04-05T21:16:44.000Z,32.18,30.13,BuildingA_Floor1,TypeA
1078,2025-04-03T17:10:33.000Z,31.13,43.2,BuildingB_Floor1,TypeC
1029,2025-04-04T12:03:58.000Z,34.39,60.4,BuildingA_Floor2,TypeB
1017,2025-04-06T10:33:10.000Z,17.44,34.55,BuildingB_Floor2,TypeB
1002,2025-04-03T17:12:46.000Z,17.34,72.28,BuildingA_Floor1,TypeA
1058,2025-04-03T16:22:45.000Z,25.36,54.83,BuildingA_Floor1,TypeC
1016,2025-04-06T13:30:18.000Z,16.93,63.17,BuildingA_Floor2,TypeA
1079,2025-04-03T07:37:41.000Z,33.89,65.62,BuildingA_Floor2,TypeB
1059,2025-04-04T23:45:48.000Z,26.14,72.83,BuildingB_Floor1,TypeB
1097,2025-04-04T12:19:07.000Z,29.67,32.86,BuildingB_Floor1,TypeC
1013,2025-04-03T12:45:52.000Z,27.04,78.55,BuildingB_Floor2,TypeC
1078,2025-04-06T05:13:48.000Z,34.19,55.77,BuildingA_Floor1,TypeC
1007,2025-04-03T12:23:06.000Z,28.07,54.69,BuildingA_Floor1,TypeC
1058,2025-04-05T11:17:11.000Z,28.07,58.83,BuildingA_Floor2,TypeC
1010,2025-04-03T16:21:27.000Z,21.14,40.14,BuildingA_Floor2,TypeA
1075,2025-04-06T11:57:30.000Z,15.38,57.37,BuildingB_Floor1,TypeC
1003,2025-04-03T11:54:27.000Z,15.53,39.03,BuildingB_Floor2,TypeB
1003,2025-04-07T10:53:51.000Z,30.46,46.98,BuildingA_Floor1,TypeB
1047,2025-04-02T22:23:36.000Z,20.75,37.1,BuildingB_Floor2,TypeC
1001,2025-04-06T06:31:58.000Z,26.06,60.38,BuildingA_Floor2,TypeB
1005,2025-04-03T12:37:59.000Z,25.05,59.83,BuildingA_Floor2,TypeC
1004,2025-04-04T13:14:15.000Z,32.31,59.13,BuildingB_Floor2,TypeB
1038,2025-04-05T00:45:24.000Z,31.18,41.65,BuildingB_Floor1,TypeC
1046,2025-04-07T10:56:05.000Z,24.54,62.55,BuildingA_Floor2,TypeA
1035,2025-04-06T12:45:11.000Z,18.87,35.99,BuildingB_Floor1,TypeB
1047,2025-04-05T02:45:34.000Z,25.34,70.89,BuildingA_Floor1,TypeA
1095,2025-04-04T21:47:53.000Z,15.65,50.41,BuildingA_Floor2,TypeC
1036,2025-04-06T17:22:48.000Z,21.46,75.02,BuildingB_Floor1,TypeB
1068,2025-04-03T02:29:17.000Z,33.61,47.71,BuildingB_Floor1,TypeB
1056,2025-04-03T22:03:52.000Z,15.63,53.97,BuildingB_Floor2,TypeA
1085,2025-04-07T12:03:41.000Z,26.24,30.34,BuildingB_Floor2,TypeB
1094,2025-04-05T07:38:56.000Z,30.05,63.83,BuildingB_Floor2,TypeB
1059,2025-04-06T21:59:36.000Z,25.0,53.7,BuildingB_Floor1,TypeB
1065,2025-04-04T11:37:00.000Z,19.74,62.04,BuildingB_Floor1,TypeB
1100,2025-04-05T18:42:29.000Z,31.93,48.64,BuildingA_Floor1,TypeC
1070,2025-04-03T23:27:32.000Z,26.61,59.8,BuildingA_Floor2,TypeB
1095,2025-04-04T19:57:51.000Z,31.9,58.39,BuildingB_Floor2,TypeB
1090,2025-04-06T20:56:38.000Z,30.53,40.57,BuildingB_Floor2,TypeA
1083,2025-04-07T02:42:05.000Z,17.43,63.18,BuildingA_Floor1,TypeC
1064,2025-04-05T18:24:21.000Z,34.02,41.87,BuildingA_Floor2,TypeC
1092,2025-04-05T14:07:30.000Z,20.28,58.37,BuildingA_Floor1,TypeA
1034,2025-04-05T22:11:06.000Z,18.3,36.48,BuildingB_Floor2,TypeA
1022,2025-04-07T03:27:16.000Z,32.64,36.57,BuildingB_Floor2,TypeB
1062,2025-04-03T16:58:49.000Z,18.85,42.84,BuildingA_Floor2,TypeA
1043,2025-04-04T23:37:37.000Z,17.88,77.02,BuildingA_Floor1,TypeA
1096,2025-04-06T21:19:36.000Z,27.14,31.03,BuildingB_Floor2,TypeC
1009,2025-04-04T15:02:00.000Z,17.27,47.3,BuildingB_Floor1,TypeC
1048,2025-04-05T08:48:41.000Z,32.25,50.47,BuildingB_Floor2,TypeB
1021,2025-04-03T18:21:22.000Z,22.46,62.62,BuildingB_Floor2,TypeC
1042,2025-04-04T23:07:28.000Z,34.99,56.86,BuildingA_Floor1,TypeB
1040,2025-04-05T23:00:34.000Z,16.45,57.8,BuildingA_Floor1,TypeC
1045,2025-04-03T07:15:34.000Z,27.79,45.45,BuildingB_Floor1,TypeC
1042,2025-04-03T08:05:02.000Z,31.42,70.57,BuildingA_Floor2,TypeC
1100,2025-04-07T07:45:37.000Z,27.7,43.19,BuildingA_Floor2,TypeA
1054,2025-04-03T16:34:05.000Z,22.33,73.95,BuildingA_Floor2,TypeC
1050,2025-04-03T13:01:40.000Z,26.55,35.14,BuildingB_Floor1,TypeB
1005,2025-04-02T18:44:37.000Z,24.89,65.25,BuildingB_Floor1,TypeA
1100,2025-04-07T11:38:12.000Z,34.75,67.42,BuildingA_Floor1,TypeA
1056,2025-04-03T02:16:50.000Z,24.84,54.8,BuildingA_Floor2,TypeA
1073,2025-04-07T04:10:44.000Z,33.74,75.93,BuildingB_Floor1,TypeC
1072,2025-04-05T19:46:46.000Z,15.81,41.3,BuildingA_Floor1,TypeA
1097,2025-04-05T18:08:09.000Z,29.51,40.33,BuildingA_Floor2,TypeB
1088,2025-04-07T10:22:21.000Z,33.99,48.45,BuildingB_Floor1,TypeB
1045,2025-04-07T08:24:11.000Z,19.75,69.03,BuildingB_Floor1,TypeB
1056,2025-04-04T11:54:49.000Z,20.26,41.02,BuildingB_Floor1,TypeB
1053,2025-04-03T01:26:02.000Z,32.05,37.21,BuildingA_Floor2,TypeB
1026,2025-04-06T04:10:19.000Z,27.2,47.74,BuildingB_Floor2,TypeA
1022,2025-04-04T08:16:04.000Z,20.32,60.65,BuildingA_Floor1,TypeC
1013,2025-04-04T07:33:18.000Z,33.17,73.78,BuildingA_Floor1,TypeA
1026,2025-04-03T09:07:41.000Z,31.83,76.85,BuildingA_Floor1,TypeA
1014,2025-04-05T13:40:57.000Z,22.74,36.6,BuildingA_Floor1,TypeA
1033,2025-04-07T02:49:44.000Z,18.69,57.42,BuildingA_Floor2,TypeB
1062,2025-04-02T23:11:46.000Z,21.4,39.41,BuildingB_Floor1,TypeC
1047,2025-04-05T20:50:56.000Z,17.19,70.46,BuildingB_Floor1,TypeB
1091,2025-04-03T06:51:38.000Z,25.62,61.63,BuildingB_Floor2,TypeA
1035,2025-04-05T07:31:01.000Z,22.03,45.1,BuildingA_Floor2,TypeB
1090,2025-04-02T21:09:37.000Z,25.9,67.84,BuildingA_Floor2,TypeA
1053,2025-04-04T00:01:22.000Z,28.87,30.25,BuildingA_Floor2,TypeB
1011,2025-04-06T20:45:12.000Z,24.41,50.72,BuildingB_Floor2,TypeC
1023,2025-04-04T00:25:23.000Z,17.68,64.8,BuildingB_Floor2,TypeA
1074,2025-04-03T04:29:10.000Z,21.91,36.69,BuildingA_Floor1,TypeB
1046,2025-04-07T12:14:23.000Z,26.62,41.18,BuildingB_Floor2,TypeC
1090,2025-04-03T13:52:38.000Z,19.14,38.86,BuildingA_Floor2,TypeC
1057,2025-04-03T10:34:41.000Z,21.3,44.94,BuildingA_Floor1,TypeA
1065,2025-04-05T01:35:09.000Z,33.6,34.64,BuildingA_Floor2,TypeA
1063,2025-04-07T15:44:07.000Z,15.46,41.62,BuildingA_Floor1,TypeA
1039,2025-04-07T03:06:53.000Z,23.67,48.83,BuildingB_Floor2,TypeC
1059,2025-04-06T19:03:05.000Z,23.02,67.33,BuildingB_Floor2,TypeB
1098,2025-04-04T22:01:02.000Z,26.19,75.32,BuildingB_Floor1,TypeC
1058,2025-04-05T14:36:17.000Z,33.43,48.71,BuildingB_Floor1,TypeA
1069,2025-04-02T22:38:48.000Z,17.52,51.84,BuildingA_Floor2,TypeC
1016,2025-04-03T04:33:37.000Z,20.04,54.54,BuildingB_Floor2,TypeB
1068,2025-04-06T05:49:05.000Z,28.66,73.84,BuildingB_Floor2,TypeB
1087,2025-04-03T23:22:48.000Z,16.24,35.95,BuildingB_Floor2,TypeC
1070,2025-04-06T13:48:57.000Z,23.3,56.85,BuildingB_Floor1,TypeC
1010,2025-04-07T06:07:04.000Z,27.16,77.02,BuildingB_Floor2,TypeA
1071,2025-04-07T06:42:25.000Z,32.1,44.26,BuildingB_Floor2,TypeC
1072,2025-04-06T14:32:49.000Z,31.02,34.65,BuildingA_Floor1,TypeC
1079,2025-04-03T21:28:19.000Z,19.96,32.42,BuildingA_Floor2,TypeA
1065,2025-04-03T16:15:28.000Z,17.32,59.53,BuildingA_Floor2,TypeB
1010,2025-04-04T12:15:33.000Z,27.66,72.83,BuildingB_Floor1,TypeC
1083,2025-04-04T05:53:08.000Z,25.45,38.75,BuildingA_Floor2,TypeC
1062,2025-04-04T14:11:22.000Z,24.26,58.09,BuildingB_Floor1,TypeB
1037,2025-04-04T02:57:42.000Z,21.83,31.89,BuildingB_Floor2,TypeB
1068,2025-04-06T00:14:25.000Z,21.12,39.85,BuildingB_Floor1,TypeB
1016,2025-04-07T16:44:48.000Z,28.56,52.11,BuildingB_Floor1,TypeC
1054,2025-04-06T02:30:36.000Z,30.08,69.68,BuildingB_Floor1,TypeB
1055,2025-04-04T09:52:16.000Z,32.15,35.74,BuildingA_Floor1,TypeB
1015,2025-04-05T17:28:21.000Z,29.28,72.14,BuildingA_Floor2,TypeC
1073,2025-04-03T12:10:25.000Z,32.75,39.41,BuildingA_Floor2,TypeB
1086,2025-04-04T20:00:17.000Z,32.34,56.31,BuildingA_Floor2,TypeB
1002,2025-04-06T19:57:16.000Z,20.4,31.39,BuildingA_Floor2,TypeB
1011,2025-04-03T12:54:23.000Z,34.1,53.26,BuildingA_Floor1,TypeC
1030,2025-04-06T07:02:53.000Z,33.05,31.74,BuildingB_Floor1,TypeB
1066,2025-04-07T01:25:20.000Z,15.9,42.39,BuildingB_Floor1,TypeA
1057,2025-04-02T21:28:28.000Z,16.82,66.88,BuildingA_Floor2,TypeB
1028,2025-04-07T07:18:44.000Z,22.89,40.34,BuildingB_Floor2,TypeC
1093,2025-04-04T19:03:53.000Z,34.9,35.07,BuildingA_Floor1,TypeB
1037,2025-04-03T00:05:02.000Z,34.01,37.19,BuildingA_Floor2,TypeC
1013,2025-04-04T05:19:14.000Z,26.9,32.52,BuildingA_Floor1,TypeB
1009,2025-04-05T03:03:59.000Z,18.65,67.16,BuildingA_Floor2,TypeC
1094,2025-04-04T21:39:38.000Z,28.48,77.29,BuildingA_Floor2,TypeB
1001,2025-04-03T09:45:00.000Z,20.44,50.87,BuildingB_Floor2,TypeA
1079,2025-04-05T04:03:55.000Z,25.94,55.37,BuildingB_Floor1,TypeB
1080,2025-04-02T22:37:34.000Z,30.39,46.6,BuildingA_Floor2,TypeB
1058,2025-04-03T05:05:12.000Z,32.93,59.11,BuildingA_Floor1,TypeB
1042,2025-04-05T14:53:44.000Z,25.93,73.09,BuildingA_Floor1,TypeC
1039,2025-04-07T04:23:56.000Z,18.64,60.42,BuildingB_Floor1,TypeA
1092,2025-04-05T20:49:01.000Z,27.32,49.58,BuildingB_Floor1,TypeB
1012,2025-04-03T20:45:34.000Z,20.87,32.08,BuildingB_Floor2,TypeB
1099,2025-04-02T19:55:24.000Z,34.89,58.86,BuildingA_Floor1,TypeB
1064,2025-04-06T22:12:20.000Z,21.85,38.38,BuildingB_Floor1,TypeB
1002,2025-04-07T12:39:10.000Z,34.78,73.86,BuildingB_Floor2,TypeA
1007,2025-04-07T07:16:14.000Z,27.29,49.78,BuildingA_Floor1,TypeC
1070,2025-04-04T20:26:23.000Z,16.4,45.15,BuildingA_Floor2,TypeB
1027,2025-04-07T12:32:30.000Z,22.41,76.81,BuildingB_Floor2,TypeB
1096,2025-04-05T00:31:12.000Z,32.39,73.55,BuildingA_Floor2,TypeA
1035,2025-04-04T02:48:06.000Z,32.55,49.27,BuildingB_Floor2,TypeA
1038,2025-04-06T01:33:14.000Z,30.2,31.72,BuildingA_Floor2,TypeC
1059,2025-04-04T13:00:38.000Z,30.27,54.54,BuildingB_Floor2,TypeB
1071,2025-04-07T07:26:50.000Z,30.78,61.32,BuildingA_Floor1,TypeC
1078,2025-04-06T20:23:41.000Z,17.98,73.52,BuildingA_Floor1,TypeA
1068,2025-04-04T19:49:00.000Z,28.67,74.0,BuildingA_Floor1,TypeC
1084,2025-04-05T19:54:11.000Z,22.53,54.7,BuildingA_Floor1,TypeA
1093,2025-04-05T13:14:08.000Z,15.84,34.12,BuildingA_Floor1,TypeC
1049,2025-04-04T04:39:30.000Z,24.36,67.83,BuildingB_Floor1,TypeB
1012,2025-04-05T00:23:45.000Z,21.54,52.76,BuildingA_Floor1,TypeB
1080,2025-04-03T21:06:14.000Z,23.53,55.54,BuildingB_Floor2,TypeC
1047,2025-04-03T16:27:33.000Z,27.66,48.71,BuildingA_Floor1,TypeC
1079,2025-04-06T06:53:30.000Z,25.67,70.09,BuildingA_Floor2,TypeC
1018,2025-04-05T09:05:41.000Z,22.91,40.54,BuildingA_Floor2,TypeA
1042,2025-04-05T21:10:08.000Z,30.33,53.58,BuildingB_Floor2,TypeB
1042,2025-04-06T13:17:16.000Z,21.61,61.82,BuildingB_Floor2,TypeA
1067,2025-04-07T07:20:37.000Z,27.34,58.55,BuildingA_Floor2,TypeB
1036,2025-04-03T16:24:13.000Z,27.14,50.62,BuildingA_Floor2,TypeC
1021,2025-04-04T22:15:19.000Z,20.82,65.6,BuildingA_Floor2,TypeA
1027,2025-04-03T02:12:10.000Z,27.52,56.48,BuildingA_Floor2,TypeA
1075,2025-04-03T23:27:09.000Z,23.39,69.55,BuildingA_Floor2,TypeC
1040,2025-04-07T06:44:01.000Z,33.26,69.19,BuildingA_Floor2,TypeB
1010,2025-04-02T23:45:14.000Z,21.56,59.13,BuildingB_Floor2,TypeA
1085,2025-04-05T22:04:21.000Z,23.25,34.24,BuildingB_Floor1,TypeC
1051,2025-04-06T13:31:20.000Z,22.77,44.97,BuildingA_Floor2,TypeB
1043,2025-04-05T02:04:17.000Z,30.74,74.11,BuildingA_Floor2,TypeC
1083,2025-04-05T10:00:50.000Z,18.28,31.95,BuildingA_Floor1,TypeC
1098,2025-04-06T13:13:58.000Z,22.47,77.81,BuildingB_Floor1,TypeB
1044,2025-04-02T18:44:35.000Z,32.27,40.71,BuildingB_Floor1,TypeA
1058,2025-04-03T18:33:35.000Z,31.23,55.75,BuildingB_Floor2,TypeB
1081,2025-04-05T22:47:16.000Z,21.72,39.85,BuildingB_Floor2,TypeA
1009,2025-04-03T09:45:39.000Z,16.49,64.92,BuildingA_Floor2,TypeC
1050,2025-04-07T10:29:19.000Z,18.54,36.53,BuildingA_Floor2,TypeA
1097,2025-04-05T04:53:47.000Z,25.51,47.65,BuildingB_Floor1,TypeC
1088,2025-04-06T15:09:30.000Z,25.2,45.66,BuildingA_Floor2,TypeA
1088,2025-04-04T09:22:22.000Z,15.09,62.31,BuildingB_Floor1,TypeA
1076,2025-04-04T07:45:35.000Z,29.06,44.22,BuildingB_Floor1,TypeA
1055,2025-04-07T10:05:49.000Z,18.69,52.34,BuildingB_Floor1,TypeC
1013,2025-04-03T11:47:16.000Z,33.53,31.09,BuildingB_Floor1,TypeB
1018,2025-04-04T19:43:44.000Z,32.23,72.74,BuildingB_Floor1,TypeC
1046,2025-04-02T18:51:45.000Z,28.61,78.49,BuildingB_Floor1,TypeC
1073,2025-04-02T22:15:48.000Z,21.51,71.81,BuildingB_Floor1,TypeA
1040,2025-04-04T11:01:44.000Z,19.19,71.22,BuildingB_Floor2,TypeC
1020,2025-04-06T04:29:06.000Z,18.87,33.02,BuildingB_Floor2,TypeB
1078,2025-04-07T00:56:26.000Z,22.74,31.77,BuildingA_Floor2,TypeB
1076,2025-04-06T12:26:47.000Z,20.72,38.24,BuildingB_Floor1,TypeB
1058,2025-04-03T04:27:22.000Z,19.58,53.72,BuildingB_Floor2,TypeC
1099,2025-04-07T12:49:38.000Z,29.48,50.38,BuildingB_Floor2,TypeA
1019,2025-04-05T14:10:34.000Z,29.34,57.85,BuildingA_Floor1,TypeA
1049,2025-04-03T07:28:48.000Z,16.51,72.62,BuildingB_Floor1,TypeA
1007,2025-04-04T01:17:13.000Z,20.78,62.94,BuildingB_Floor1,TypeA
1093,2025-04-02T19:46:41.000Z,20.24,67.52,BuildingB_Floor1,TypeB
1066,2025-04-03T11:49:43.000Z,20.5,78.24,BuildingA_Floor1,TypeC
1035,2025-04-05T20:05:10.000Z,33.66,40.62,BuildingB_Floor1,TypeA
1084,2025-04-03T01:59:12.000Z,27.44,61.65,BuildingA_Floor2,TypeB
1083,2025-04-05T08:15:15.000Z,33.28,38.65,BuildingB_Floor2,TypeA
1095,2025-04-06T03:39:39.000Z,18.89,32.82,BuildingB_Floor1,TypeA
1020,2025-04-03T16:57:31.000Z,29.42,43.79,BuildingB_Floor1,TypeA
1091,2025-04-04T02:25:53.000Z,31.39,78.2,BuildingB_Floor2,TypeB
1044,2025-04-06T09:24:08.000Z,28.52,62.16,BuildingA_Floor2,TypeC
1021,2025-04-03T01:55:10.000Z,15.47,58.64,BuildingA_Floor1,TypeB
1074,2025-04-04T21:38:58.000Z,22.29,73.84,BuildingB_Floor2,TypeB
1071,2025-04-04T06:05:08.000Z,22.24,34.39,BuildingB_Floor2,TypeC
1008,2025-04-03T05:12:23.000Z,34.55,66.18,BuildingA_Floor1,TypeA
1003,2025-04-05T11:45:22.000Z,22.91,75.62,BuildingB_Floor1,TypeA
1031,2025-04-05T15:16:46.000Z,24.95,57.94,BuildingA_Floor2,TypeB
1054,2025-04-03T21:44:01.000Z,29.64,57.54,BuildingA_Floor2,TypeB
1050,2025-04-07T06:59:22.000Z,33.86,40.15,BuildingA_Floor1,TypeB
1056,2025-04-06T23:24:13.000Z,28.75,37.4,BuildingA_Floor1,TypeA
1034,2025-04-03T08:01:03.000Z,28.47,33.92,BuildingB_Floor2,TypeA
1084,2025-04-05T00:05:16.000Z,15.63,55.67,BuildingA_Floor1,TypeC
1097,2025-04-05T00:49:00.000Z,33.91,45.97,BuildingA_Floor1,TypeC
1029,2025-04-04T13:34:29.000Z,27.73,43.63,BuildingB_Floor1,TypeA
1023,2025-04-05T05:55:53.000Z,33.75,60.53,BuildingB_Floor1,TypeC
1092,2025-04-05T16:07:58.000Z,21.21,74.44,BuildingA_Floor2,TypeC
1054,2025-04-06T05:42:29.000Z,19.01,43.05,BuildingB_Floor2,TypeC
1039,2025-04-04T13:15:49.000Z,21.81,77.31,BuildingB_Floor1,TypeC
1029,2025-04-07T03:01:00.000Z,26.89,40.88,BuildingB_Floor1,TypeC
1016,2025-04-07T18:05:49.000Z,19.23,46.5,BuildingB_Floor2,TypeA
1052,2025-04-05T05:44:58.000Z,31.18,59.12,BuildingB_Floor1,TypeB
1051,2025-04-04T21:29:54.000Z,22.85,73.09,BuildingB_Floor2,TypeC
1042,2025-04-04T15:45:36.000Z,34.66,48.65,BuildingB_Floor2,TypeA
1024,2025-04-05T11:02:31.000Z,32.24,79.12,BuildingB_Floor2,TypeC
1075,2025-04-03T18:41:48.000Z,31.36,44.71,BuildingA_Floor1,TypeB
1041,2025-04-07T15:15:26.000Z,30.65,66.37,BuildingA_Floor2,TypeA
1079,2025-04-04T07:27:40.000Z,15.12,75.48,BuildingB_Floor1,TypeB
1069,2025-04-03T21:28:12.000Z,22.63,64.66,BuildingA_Floor2,TypeC
1024,2025-04-04T05:28:15.000Z,22.77,67.48,BuildingA_Floor2,TypeC
1011,2025-04-03T11:00:51.000Z,17.92,57.29,BuildingB_Floor2,TypeB
1047,2025-04-06T08:21:05.000Z,33.46,65.09,BuildingA_Floor1,TypeB
1006,2025-04-07T14:12:49.000Z,33.46,40.13,BuildingA_Floor1,TypeB
1080,2025-04-04T12:22:58.000Z,18.19,78.68,BuildingB_Floor1,TypeC
1047,2025-04-04T09:16:26.000Z,15.45,41.66,BuildingA_Floor2,TypeA
1097,2025-04-03T21:57:37.000Z,27.31,78.28,BuildingB_Floor1,TypeB
1054,2025-04-06T14:40:21.000Z,20.82,45.54,BuildingA_Floor2,TypeB
1042,2025-04-06T21:04:37.000Z,18.25,62.62,BuildingA_Floor1,TypeC
1014,2025-04-03T06:18:50.000Z,19.09,47.7,BuildingA_Floor2,TypeB
1081,2025-04-06T16:21:47.000Z,34.07,34.58,BuildingA_Floor1,TypeC
1058,2025-04-02T23:03:55.000Z,25.06,75.9,BuildingB_Floor2,TypeC
1010,2025-04-07T01:48:04.000Z,34.77,77.13,BuildingB_Floor2,TypeA
1071,2025-04-02T21:16:05.000Z,29.64,60.63,BuildingA_Floor2,TypeB
1054,2025-04-07T04:36:13.000Z,22.57,32.99,BuildingA_Floor2,TypeB
1065,2025-04-05T23:46:52.000Z,22.94,76.44,BuildingB_Floor2,TypeB
1039,2025-04-03T00:29:22.000Z,23.72,74.7,BuildingB_Floor1,TypeA
1074,2025-04-06T05:51:24.000Z,29.37,63.42,BuildingA_Floor1,TypeC
1010,2025-04-04T15:34:45.000Z,15.41,77.66,BuildingB_Floor2,TypeC
1065,2025-04-03T02:54:40.000Z,30.09,74.94,BuildingA_Floor1,TypeB
1009,2025-04-06T10:30:29.000Z,16.43,79.95,BuildingB_Floor2,TypeA
1021,2025-04-04T06:50:09.000Z,18.34,33.54,BuildingA_Floor2,TypeA
1032,2025-04-07T18:11:37.000Z,34.29,69.7,BuildingB_Floor1,TypeB
1062,2025-04-03T04:02:02.000Z,31.72,65.29,BuildingA_Floor1,TypeC
1098,2025-04-07T04:55:04.000Z,25.99,37.9,BuildingB_Floor2,TypeA
1094,2025-04-06T00:50:16.000Z,22.88,67.54,BuildingB_Floor1,TypeA
1063,2025-04-07T10:42:12.000Z,32.8,34.38,BuildingA_Floor2,TypeC
1078,2025-04-06T14:59:37.000Z,20.02,38.49,BuildingB_Floor2,TypeC
1006,2025-04-04T05:50:15.000Z,33.98,60.16,BuildingA_Floor1,TypeB
1049,2025-04-05T23:04:15.000Z,26.6,52.35,BuildingA_Floor1,TypeA
1028,2025-04-03T22:39:18.000Z,22.69,30.02,BuildingA_Floor1,TypeC
1089,2025-04-05T07:35:53.000Z,33.56,47.51,BuildingA_Floor1,TypeA
1067,2025-04-07T07:55:58.000Z,22.95,47.04,BuildingA_Floor2,TypeB
1001,2025-04-03T19:41:37.000Z,16.88,33.82,BuildingB_Floor2,TypeC
1032,2025-04-03T13:42:11.000Z,32.58,72.76,BuildingA_Floor1,TypeB
1030,2025-04-03T01:06:40.000Z,26.81,59.62,BuildingA_Floor2,TypeB
1012,2025-04-03T17:31:38.000Z,31.46,40.72,BuildingB_Floor1,TypeA
1021,2025-04-04T05:53:05.000Z,18.18,69.19,BuildingB_Floor1,TypeC
1031,2025-04-04T13:58:46.000Z,17.08,56.57,BuildingA_Floor1,TypeA
1041,2025-04-03T15:55:11.000Z,31.01,34.18,BuildingB_Floor1,TypeC
1091,2025-04-02T22:33:50.000Z,22.93,74.19,BuildingB_Floor1,TypeC
1053,2025-04-07T16:56:06.000Z,19.97,33.63,BuildingB_Floor1,TypeB
1003,2025-04-03T14:24:32.000Z,30.95,38.38,BuildingB_Floor1,TypeC
1029,2025-04-06T21:03:25.000Z,18.92,38.57,BuildingA_Floor2,TypeB
1084,2025-04-05T07:04:41.000Z,28.96,64.51,BuildingA_Floor1,TypeA
1005,2025-04-06T20:37:43.000Z,23.59,55.01,BuildingB_Floor1,TypeB
1000,2025-04-03T17:18:44.000Z,17.19,72.25,BuildingA_Floor2,TypeC
1074,2025-04-05T16:22:52.000Z,27.84,79.8,BuildingA_Floor2,TypeA
1098,2025-04-03T14:11:32.000Z,31.44,70.33,BuildingA_Floor1,TypeB
1064,2025-04-03T14:45:39.000Z,18.21,43.41,BuildingA_Floor2,TypeA
1069,2025-04-03T00:13:56.000Z,19.3,59.68,BuildingA_Floor2,TypeB
1071,2025-04-07T09:12:46.000Z,25.55,71.83,BuildingB_Floor2,TypeA
1065,2025-04-04T10:08:56.000Z,19.55,78.44,BuildingB_Floor2,TypeB
1022,2025-04-05T19:30:53.000Z,25.81,35.95,BuildingB_Floor1,TypeA
1038,2025-04-06T12:18:08.000Z,29.73,51.59,BuildingB_Floor2,TypeC
1016,2025-04-07T18:19:47.000Z,22.57,32.45,BuildingA_Floor1,TypeB
1038,2025-04-02T22:32:17.000Z,28.71,50.23,BuildingA_Floor2,TypeA
1044,2025-04-06T13:38:25.000Z,15.35,35.48,BuildingA_Floor1,TypeB
1007,2025-04-07T11:20:06.000Z,24.45,48.76,BuildingA_Floor2,TypeC
1085,2025-04-03T07:15:41.000Z,19.9,71.05,BuildingB_Floor2,TypeC
1085,2025-04-05T04:50:32.000Z,20.97,79.24,BuildingB_Floor2,TypeB
1008,2025-04-04T22:51:12.000Z,25.36,69.37,BuildingA_Floor1,TypeB
1060,2025-04-05T08:51:04.000Z,20.64,64.36,BuildingB_Floor2,TypeC
1015,2025-04-06T05:12:37.000Z,28.32,40.41,BuildingA_Floor2,TypeC
1020,2025-04-07T07:38:07.000Z,34.84,63.16,BuildingA_Floor2,TypeA
1020,2025-04-03T05:21:59.000Z,34.98,75.79,BuildingB_Floor2,TypeA
1089,2025-04-04T21:02:19.000Z,28.85,76.02,BuildingB_Floor2,TypeC
1038,2025-04-03T07:36:11.000Z,30.19,76.39,BuildingA_Floor2,TypeB
1024,2025-04-03T05:16:48.000Z,26.27,68.75,BuildingB_Floor1,TypeA
1099,2025-04-03T04:25:21.000Z,26.94,53.33,BuildingA_Floor1,TypeC
1096,2025-04-03T12:15:47.000Z,22.9,49.02,BuildingA_Floor2,TypeA
1041,2025-04-07T05:37:24.000Z,26.76,32.77,BuildingA_Floor2,TypeA
1042,2025-04-07T06:55:30.000Z,25.9,72.26,BuildingB_Floor1,TypeC
1024,2025-04-07T02:11:27.000Z,17.12,66.58,BuildingA_Floor1,TypeB
1075,2025-04-05T13:17:15.000Z,20.48,39.29,BuildingA_Floor1,TypeB
1087,2025-04-03T12:44:02.000Z,32.66,65.0,BuildingA_Floor2,TypeB
1061,2025-04-07T02:57:39.000Z,30.11,56.58,BuildingB_Floor1,TypeC
1093,2025-04-03T10:16:34.000Z,33.78,79.35,BuildingA_Floor2,TypeA
1081,2025-04-04T05:08:50.000Z,25.53,75.89,BuildingB_Floor1,TypeB
1062,2025-04-06T00:29:03.000Z,29.12,60.63,BuildingB_Floor2,TypeC
1031,2025-04-06T01:58:12.000Z,27.22,35.9,BuildingB_Floor1,TypeB
1009,2025-04-03T01:45:08.000Z,32.19,44.7,BuildingA_Floor1,TypeA
1041,2025-04-05T14:44:09.000Z,26.84,65.89,BuildingB_Floor1,TypeC
1021,2025-04-04T23:52:12.000Z,17.94,31.52,BuildingA_Floor2,TypeB
1099,2025-04-04T13:59:16.000Z,25.72,66.29,BuildingB_Floor1,TypeC
1081,2025-04-05T15:54:21.000Z,24.29,45.9,BuildingA_Floor1,TypeA
1077,2025-04-04T02:52:05.000Z,21.7,65.16,BuildingB_Floor1,TypeC
1086,2025-04-06T10:18:53.000Z,16.7,57.57,BuildingB_Floor2,TypeA
1087,2025-04-05T11:56:06.000Z,30.5,30.02,BuildingB_Floor2,TypeA
1021,2025-04-06T21:15:09.000Z,29.67,59.28,BuildingA_Floor2,TypeC
1017,2025-04-07T07:19:31.000Z,24.85,51.77,BuildingA_Floor2,TypeC
1075,2025-04-03T00:02:15.000Z,18.46,34.13,BuildingA_Floor1,TypeB
1012,2025-04-04T04:53:00.000Z,25.74,71.36,BuildingA_Floor2,TypeB
1025,2025-04-07T00:52:17.000Z,19.6,39.95,BuildingA_Floor1,TypeB
1033,2025-04-05T17:16:52.000Z,26.66,65.68,BuildingA_Floor2,TypeA
1038,2025-04-07T09:48:14.000Z,26.86,64.29,BuildingB_Floor2,TypeA
1099,2025-04-02T22:55:13.000Z,25.92,41.67,BuildingB_Floor1,TypeC
1000,2025-04-07T02:09:43.000Z,22.93,57.2,BuildingB_Floor1,TypeB
1080,2025-04-05T06:45:02.000Z,15.23,53.74,BuildingB_Floor2,TypeA
1005,2025-04-02T21:45:57.000Z,32.29,75.69,BuildingA_Floor2,TypeB
1075,2025-04-03T09:15:37.000Z,19.93,30.83,BuildingB_Floor1,TypeC
1093,2025-04-04T03:14:15.000Z,15.19,72.71,BuildingA_Floor2,TypeB
1026,2025-04-07T06:26:26.000Z,24.0,41.1,BuildingA_Floor1,TypeC
1012,2025-04-06T18:12:18.000Z,16.27,56.12,BuildingA_Floor2,TypeB
1089,2025-04-04T16:57:59.000Z,17.7,62.18,BuildingA_Floor2,TypeC
1020,2025-04-06T03:26:57.000Z,25.53,73.59,BuildingB_Floor1,TypeB
1059,2025-04-03T17:07:35.000Z,31.13,38.13,BuildingA_Floor1,TypeA
1091,2025-04-06T16:17:03.000Z,20.96,33.1,BuildingA_Floor2,TypeA
1061,2025-04-04T14:35:23.000Z,25.18,72.67,BuildingA_Floor1,TypeC
1029,2025-04-03T02:21:20.000Z,26.19,50.31,BuildingB_Floor1,TypeB
1082,2025-04-03T03:19:21.000Z,23.39,56.46,BuildingA_Floor1,TypeC
1021,2025-04-02T21:27:54.000Z,24.23,71.85,BuildingA_Floor1,TypeC
1060,2025-04-02T23:27:06.000Z,20.39,76.0,BuildingB_Floor1,TypeC
1010,2025-04-03T20:49:38.000Z,21.4,53.16,BuildingA_Floor2,TypeB
1073,2025-04-05T09:25:08.000Z,18.74,44.97,BuildingB_Floor2,TypeB
1051,2025-04-03T06:46:33.000Z,27.28,46.22,BuildingB_Floor1,TypeB
1094,2025-04-07T07:06:05.000Z,29.66,41.18,BuildingB_Floor2,TypeB
1016,2025-04-04T19:49:09.000Z,29.47,75.29,BuildingA_Floor1,TypeB
1009,2025-04-05T13:37:53.000Z,28.34,51.98,BuildingB_Floor2,TypeC
1022,2025-04-03T09:49:22.000Z,15.52,79.11,BuildingA_Floor2,TypeB
1003,2025-04-04T09:33:33.000Z,27.92,32.45,BuildingA_Floor1,TypeB
1098,2025-04-05T20:01:43.000Z,25.24,31.43,BuildingA_Floor2,TypeC
1075,2025-04-03T02:42:20.000Z,20.33,79.42,BuildingB_Floor2,TypeC
1009,2025-04-03T07:39:39.000Z,19.89,59.5,BuildingA_Floor2,TypeC
1083,2025-04-04T15:46:45.000Z,19.43,73.71,BuildingB_Floor1,TypeC
1005,2025-04-06T08:09:22.000Z,33.82,44.58,BuildingA_Floor2,TypeA
1054,2025-04-04T18:02:29.000Z,29.99,47.5,BuildingB_Floor2,TypeC
1017,2025-04-06T18:42:48.000Z,28.79,49.7,BuildingA_Floor2,TypeA
1002,2025-04-06T19:57:54.000Z,30.14,40.41,BuildingA_Floor1,TypeC
1014,2025-04-03T22:51:29.000Z,19.03,43.83,BuildingA_Floor1,TypeB
1015,2025-04-04T02:00:26.000Z,19.71,68.34,BuildingA_Floor2,TypeC
1097,2025-04-06T08:47:19.000Z,21.9,67.43,BuildingA_Floor1,TypeA
1047,2025-04-04T02:04:46.000Z,20.35,46.83,BuildingA_Floor1,TypeC
1094,2025-04-04T09:06:55.000Z,31.08,71.73,BuildingB_Floor1,TypeB
1030,2025-04-06T07:23:23.000Z,17.09,30.97,BuildingA_Floor2,TypeA
1093,2025-04-06T13:10:41.000Z,29.3,36.47,BuildingA_Floor2,TypeA
1010,2025-04-07T11:17:06.000Z,34.35,50.81,BuildingA_Floor1,TypeA
1058,2025-04-05T10:36:25.000Z,19.49,45.63,BuildingA_Floor2,TypeB
1009,2025-04-06T07:53:01.000Z,22.3,55.94,BuildingB_Floor1,TypeB
1042,2025-04-02T20:23:33.000Z,32.56,54.79,BuildingA_Floor2,TypeC
1005,2025-04-05T05:17:47.000Z,27.56,60.87,BuildingB_Floor2,TypeB
1008,2025-04-07T07:02:42.000Z,25.05,38.68,BuildingB_Floor2,TypeC
1068,2025-04-06T09:39:55.000Z,22.28,65.71,BuildingA_Floor1,TypeB
1043,2025-04-03T11:37:35.000Z,31.5,32.59,BuildingA_Floor2,TypeA
1001,2025-04-04T20:45:59.000Z,25.07,58.01,BuildingA_Floor2,TypeC
1073,2025-04-06T16:04:53.000Z,28.3,39.85,BuildingA_Floor2,TypeA
1018,2025-04-07T02:18:07.000Z,23.93,74.35,BuildingA_Floor2,TypeA
1061,2025-04-07T18:01:02.000Z,34.96,37.11,BuildingA_Floor1,TypeC
1094,2025-04-04T07:25:41.000Z,30.15,64.55,BuildingB_Floor2,TypeC
1075,2025-04-07T04:07:50.000Z,33.03,58.65,BuildingA_Floor1,TypeA
1059,2025-04-06T08:23:35.000Z,33.38,53.95,BuildingB_Floor2,TypeB
1081,2025-04-04T12:12:38.000Z,30.45,40.88,BuildingB_Floor2,TypeB
1022,2025-04-06T14:29:52.000Z,16.34,51.85,BuildingA_Floor2,TypeA
1036,2025-04-03T15:08:48.000Z,17.87,34.5,BuildingA_Floor2,TypeA
1062,2025-04-07T00:39:26.000Z,34.61,53.51,BuildingA_Floor2,TypeC
1003,2025-04-05T20:29:15.000Z,24.43,48.99,BuildingA_Floor2,TypeA
1064,2025-04-04T04:37:17.000Z,17.16,56.03,BuildingB_Floor2,TypeB
1094,2025-04-06T19:16:28.000Z,17.75,45.54,BuildingA_Floor1,TypeC
1024,2025-04-05T17:59:15.000Z,24.3,63.36,BuildingA_Floor1,TypeB
1040,2025-04-06T18:52:49.000Z,31.32,60.61,BuildingB_Floor2,TypeA
1012,2025-04-04T20:19:35.000Z,28.77,39.75,BuildingB_Floor2,TypeA
1051,2025-04-05T07:46:05.000Z,18.2,40.36,BuildingB_Floor1,TypeA
1096,2025-04-06T03:13:26.000Z,27.11,47.42,BuildingA_Floor1,TypeA
1076,2025-04-05T02:19:46.000Z,29.76,47.89,BuildingB_Floor2,TypeC
1045,2025-04-05T17:12:20.000Z,20.84,41.2,BuildingA_Floor1,TypeC
1091,2025-04-06T15:09:05.000Z,28.85,53.13,BuildingB_Floor2,TypeA
1040,2025-04-06T18:25:59.000Z,15.75,73.93,BuildingA_Floor2,TypeB
1026,2025-04-04T14:53:23.000Z,32.35,56.35,BuildingB_Floor1,TypeC
1061,2025-04-05T02:56:45.000Z,17.84,55.81,BuildingA_Floor1,TypeA
1057,2025-04-04T04:53:45.000Z,23.87,41.41,BuildingB_Floor1,TypeA
1016,2025-04-04T06:49:26.000Z,23.47,74.48,BuildingB_Floor2,TypeA
1084,2025-04-03T19:50:40.000Z,15.99,31.38,BuildingA_Floor1,TypeC
1091,2025-04-03T05:56:41.000Z,32.37,78.78,BuildingA_Floor2,TypeB
1092,2025-04-03T08:35:50.000Z,27.53,67.05,BuildingA_Floor2,TypeA
1035,2025-04-05T06:06:30.000Z,27.8,55.94,BuildingA_Floor1,TypeA
1096,2025-04-04T20:43:34.000Z,28.43,63.5,BuildingA_Floor2,TypeC
1025,2025-04-02T20:34:52.000Z,31.7,79.72,BuildingA_Floor2,TypeB
1015,2025-04-06T06:54:24.000Z,17.45,71.05,BuildingB_Floor1,TypeB
1042,2025-04-04T07:28:03.000Z,31.14,41.08,BuildingA_Floor2,TypeC
1100,2025-04-02T22:37:53.000Z,24.5,73.34,BuildingA_Floor1,TypeA
1008,2025-04-04T15:44:59.000Z,18.11,72.21,BuildingB_Floor1,TypeA
1034,2025-04-04T15:08:31.000Z,32.71,36.28,BuildingB_Floor2,TypeA
1050,2025-04-05T16:35:00.000Z,15.96,36.87,BuildingB_Floor1,TypeA
1003,2025-04-02T21:14:23.000Z,21.44,70.62,BuildingA_Floor2,TypeB
1085,2025-04-04T05:21:56.000Z,20.65,58.35,BuildingB_Floor1,TypeC
1027,2025-04-07T01:17:58.000Z,24.42,52.38,BuildingA_Floor2,TypeA
1029,2025-04-07T04:58:06.000Z,21.44,33.76,BuildingB_Floor1,TypeC
1090,2025-04-03T15:49:52.000Z,24.55,70.38,BuildingB_Floor2,TypeC
1003,2025-04-06T13:50:34.000Z,27.45,71.61,BuildingB_Floor2,TypeB
1089,2025-04-03T16:08:30.000Z,32.18,51.37,BuildingA_Floor1,TypeC
1088,2025-04-04T08:53:12.000Z,18.66,54.51,BuildingA_Floor1,TypeB
1078,2025-04-04T11:31:54.000Z,25.36,66.5,BuildingA_Floor2,TypeC
1017,2025-04-04T10:55:26.000Z,31.69,40.53,BuildingA_Floor1,TypeA
1026,2025-04-03T07:40:05.000Z,34.91,53.16,BuildingB_Floor2,TypeA
1032,2025-04-03T18:04:32.000Z,33.89,52.6,BuildingA_Floor2,TypeA
1049,2025-04-04T02:56:37.000Z,30.64,32.44,BuildingA_Floor2,TypeC
1019,2025-04-05T08:04:16.000Z,17.45,37.84,BuildingA_Floor1,TypeC
1064,2025-04-06T21:17:33.000Z,24.24,73.28,BuildingB_Floor1,TypeA
1053,2025-04-04T08:57:15.000Z,21.9,59.01,BuildingA_Floor1,TypeC
1011,2025-04-05T16:18:38.000Z,19.99,33.63,BuildingB_Floor2,TypeA
1045,2025-04-04T14:23:30.000Z,17.45,54.73,BuildingA_Floor2,TypeB
1039,2025-04-06T16:09:40.000Z,28.19,55.16,BuildingA_Floor2,TypeC
1065,2025-04-03T04:39:01.000Z,33.18,41.07,BuildingB_Floor1,TypeB
1057,2025-04-03T19:50:46.000Z,32.79,71.02,BuildingB_Floor1,TypeA
1056,2025-04-05T04:34:10.000Z,22.89,46.75,BuildingA_Floor2,TypeB
1052,2025-04-07T13:02:54.000Z,23.49,68.27,BuildingA_Floor2,TypeC
1071,2025-04-04T22:49:28.000Z,21.57,39.18,BuildingB_Floor1,TypeA
1079,2025-04-07T13:22:40.000Z,19.53,46.13,BuildingA_Floor1,TypeA
1083,2025-04-06T22:01:22.000Z,22.97,36.48,BuildingB_Floor2,TypeC
1068,2025-04-04T22:28:44.000Z,24.41,48.25,BuildingA_Floor2,TypeC
1043,2025-04-06T06:03:31.000Z,23.25,61.78,BuildingB_Floor2,TypeB
1083,2025-04-06T01:07:38.000Z,24.39,65.42,BuildingA_Floor2,TypeB
1074,2025-04-07T14:01:28.000Z,29.17,33.46,BuildingB_Floor2,TypeC
1036,2025-04-05T01:11:32.000Z,21.44,59.49,BuildingB_Floor1,TypeA
1057,2025-04-04T13:54:55.000Z,20.94,79.14,BuildingB_Floor2,TypeA
1078,2025-04-04T07:52:38.000Z,26.59,61.21,BuildingB_Floor2,TypeA
1078,2025-04-06T10:55:02.000Z,20.27,78.83,BuildingA_Floor1,TypeB
1069,2025-04-04T07:27:51.000Z,18.69,32.22,BuildingB_Floor1,TypeA
1060,2025-04-03T00:53:58.000Z,27.97,78.27,BuildingB_Floor1,TypeC
1073,2025-04-07T17:38:53.000Z,16.69,39.3,BuildingA_Floor1,TypeB
1029,2025-04-06T15:01:10.000Z,22.65,43.67,BuildingA_Floor1,TypeA
1018,2025-04-07T05:40:18.000Z,28.61,51.64,BuildingA_Floor1,TypeA
1040,2025-04-03T16:38:36.000Z,18.86,33.5,BuildingB_Floor1,TypeB
1089,2025-04-03T03:43:41.000Z,28.67,58.67,BuildingA_Floor1,TypeB
1023,2025-04-03T01:10:39.000Z,23.43,49.58,BuildingB_Floor1,TypeA
1004,2025-04-03T13:07:00.000Z,20.99,33.48,BuildingB_Floor1,TypeC
1034,2025-04-04T13:59:08.000Z,21.28,31.09,BuildingB_Floor2,TypeB
1087,2025-04-03T05:38:18.000Z,26.88,56.61,BuildingB_Floor1,TypeC
1035,2025-04-04T17:54:01.000Z,23.19,60.88,BuildingB_Floor2,TypeC
1070,2025-04-04T06:20:23.000Z,29.61,59.2,BuildingA_Floor1,TypeB
1046,2025-04-07T11:20:20.000Z,16.6,73.76,BuildingA_Floor2,TypeA
1089,2025-04-05T00:40:45.000Z,30.25,49.5,BuildingA_Floor2,TypeB
1044,2025-04-06T01:02:27.000Z,26.64,56.91,BuildingB_Floor1,TypeB
1026,2025-04-04T10:24:58.000Z,20.14,33.42,BuildingB_Floor1,TypeA
1048,2025-04-05T11:31:10.000Z,28.86,47.32,BuildingA_Floor1,TypeA
1024,2025-04-03T05:59:46.000Z,18.72,64.35,BuildingA_Floor1,TypeC
1040,2025-04-03T16:22:54.000Z,28.86,49.1,BuildingB_Floor2,TypeC
1034,2025-04-06T08:11:54.000Z,31.56,45.68,BuildingB_Floor1,TypeB
1098,2025-04-02T21:14:28.000Z,20.34,38.35,BuildingB_Floor2,TypeC
1096,2025-04-03T06:38:30.000Z,28.9,32.56,BuildingB_Floor1,TypeC
1099,2025-04-07T16:45:25.000Z,15.3,30.71,BuildingB_Floor1,TypeB
1023,2025-04-05T17:53:58.000Z,23.8,45.46,BuildingA_Floor1,TypeC
1059,2025-04-07T09:08:56.000Z,28.71,75.21,BuildingA_Floor2,TypeC
1007,2025-04-03T08:37:59.000Z,30.28,73.62,BuildingA_Floor1,TypeB
1037,2025-04-02T21:21:35.000Z,15.85,36.43,BuildingB_Floor1,TypeA
1007,2025-04-02T20:15:23.000Z,30.24,38.42,BuildingA_Floor2,TypeB
1076,2025-04-03T19:52:09.000Z,22.09,60.58,BuildingA_Floor2,TypeB
1048,2025-04-05T13:13:02.000Z,25.53,79.45,BuildingB_Floor1,TypeC
1061,2025-04-07T15:14:31.000Z,19.83,71.81,BuildingA_Floor2,TypeA
1034,2025-04-04T20:40:13.000Z,21.38,52.64,BuildingB_Floor2,TypeC
1038,2025-04-04T18:52:55.000Z,25.95,66.09,BuildingB_Floor1,TypeC
1003,2025-04-05T18:23:03.000Z,18.6,68.21,BuildingA_Floor1,TypeA
1063,2025-04-06T18:45:42.000Z,23.41,41.34,BuildingB_Floor1,TypeC
1044,2025-04-05T10:29:05.000Z,34.19,77.19,BuildingA_Floor1,TypeA
1091,2025-04-05T00:56:32.000Z,26.2,54.97,BuildingB_Floor1,TypeA
1068,2025-04-04T22:05:48.000Z,22.99,40.79,BuildingB_Floor1,TypeB
1007,2025-04-07T16:13:38.000Z,33.78,67.03,BuildingA_Floor2,TypeB
1025,2025-04-05T08:41:57.000Z,17.74,61.2,BuildingB_Floor2,TypeB
1032,2025-04-04T18:12:18.000Z,30.55,64.38,BuildingA_Floor1,TypeB
1046,2025-04-04T13:13:17.000Z,22.84,42.51,BuildingA_Floor1,TypeB
1072,2025-04-03T20:06:01.000Z,20.96,57.85,BuildingB_Floor1,TypeA
1084,2025-04-05T12:47:21.000Z,25.85,33.14,BuildingA_Floor1,TypeA
1069,2025-04-03T19:35:55.000Z,28.99,61.2,BuildingA_Floor2,TypeC
1093,2025-04-03T13:56:04.000Z,23.19,34.89,BuildingB_Floor2,TypeA
1050,2025-04-07T03:54:44.000Z,17.68,34.65,BuildingA_Floor2,TypeB
1080,2025-04-04T22:59:21.000Z,31.42,58.54,BuildingA_Floor1,TypeA
1025,2025-04-02T23:16:02.000Z,24.94,57.4,BuildingB_Floor1,TypeB
1091,2025-04-05T14:12:20.000Z,23.45,43.75,BuildingA_Floor2,TypeB
1099,2025-04-05T19:22:43.000Z,34.39,75.82,BuildingB_Floor2,TypeA
1067,2025-04-03T16:59:45.000Z,24.12,76.83,BuildingB_Floor2,TypeA
1089,2025-04-04T02:32:32.000Z,29.06,61.49,BuildingB_Floor2,TypeB
1027,2025-04-06T21:11:44.000Z,23.06,60.48,BuildingA_Floor2,TypeB
1013,2025-04-03T06:59:00.000Z,29.34,55.53,BuildingB_Floor1,TypeC
1048,2025-04-03T04:43:24.000Z,22.84,46.72,BuildingB_Floor1,TypeA
1068,2025-04-03T09:30:17.000Z,16.43,58.96,BuildingA_Floor1,TypeB
1000,2025-04-05T12:48:53.000Z,33.36,36.81,BuildingB_Floor1,TypeC
1069,2025-04-03T13:46:27.000Z,15.24,55.17,BuildingA_Floor2,TypeC
1097,2025-04-04T14:01:36.000Z,18.63,70.48,BuildingA_Floor1,TypeC
1024,2025-04-04T00:08:42.000Z,32.37,64.98,BuildingB_Floor1,TypeA
1064,2025-04-06T18:22:14.000Z,19.25,31.11,BuildingA_Floor1,TypeB
1078,2025-04-07T12:35:28.000Z,23.42,78.81,BuildingA_Floor2,TypeA
1098,2025-04-07T08:00:52.000Z,17.31,52.09,BuildingA_Floor2,TypeC
1053,2025-04-05T15:43:12.000Z,19.13,37.77,BuildingA_Floor1,TypeC
1079,2025-04-06T03:39:16.000Z,24.3,38.15,BuildingA_Floor1,TypeC
1044,2025-04-06T05:34:25.000Z,29.95,76.09,BuildingA_Floor1,TypeA
1032,2025-04-07T12:27:10.000Z,17.15,32.56,BuildingB_Floor2,TypeC
1033,2025-04-05T08:36:27.000Z,33.11,49.07,BuildingA_Floor2,TypeC
1096,2025-04-03T05:50:37.000Z,33.48,38.51,BuildingB_Floor2,TypeB
1023,2025-04-03T14:58:07.000Z,30.63,36.41,BuildingA_Floor1,TypeB
1086,2025-04-04T21:40:03.000Z,23.43,45.84,BuildingB_Floor2,TypeC
1029,2025-04-06T12:43:15.000Z,20.59,36.85,BuildingA_Floor2,TypeC
1014,2025-04-04T17:53:52.000Z,21.99,70.23,BuildingB_Floor1,TypeB
1045,2025-04-02T18:49:07.000Z,22.23,70.84,BuildingB_Floor1,TypeA
1040,2025-04-05T06:32:20.000Z,17.89,30.05,BuildingA_Floor2,TypeB
1002,2025-04-03T00:26:47.000Z,32.76,32.75,BuildingA_Floor1,TypeC
1028,2025-04-07T04:16:02.000Z,22.32,53.9,BuildingA_Floor2,TypeB
1057,2025-04-03T11:23:04.000Z,29.74,78.62,BuildingB_Floor2,TypeC
1081,2025-04-03T12:27:44.000Z,30.84,38.42,BuildingA_Floor2,TypeA
1026,2025-04-05T08:25:48.000Z,31.31,39.28,BuildingB_Floor2,TypeB
1001,2025-04-02T21:55:09.000Z,27.34,37.56,BuildingA_Floor2,TypeC
1065,2025-04-07T06:36:40.000Z,18.8,70.1,BuildingB_Floor2,TypeC
1030,2025-04-06T08:23:41.000Z,32.66,74.9,BuildingA_Floor2,TypeC
1042,2025-04-05T12:22:31.000Z,25.66,58.0,BuildingA_Floor2,TypeC
1084,2025-04-04T05:05:55.000Z,28.67,72.24,BuildingA_Floor1,TypeA
1069,2025-04-07T03:42:51.000Z,31.44,34.33,BuildingB_Floor1,TypeC
1037,2025-04-06T04:09:39.000Z,23.26,42.3,BuildingB_Floor1,TypeB
1002,2025-04-04T20:09:31.000Z,23.52,45.77,BuildingA_Floor2,TypeA
1031,2025-04-05T07:37:53.000Z,30.95,50.78,BuildingA_Floor2,TypeA
1091,2025-04-03T14:39:32.000Z,22.36,34.44,BuildingA_Floor1,TypeC
1078,2025-04-04T15:42:06.000Z,27.58,70.53,BuildingA_Floor2,TypeA
1078,2025-04-04T15:04:41.000Z,34.94,48.21,BuildingA_Floor1,TypeC
1062,2025-04-06T18:53:16.000Z,25.56,49.85,BuildingB_Floor2,TypeC
1040,2025-04-07T15:15:02.000Z,15.56,33.5,BuildingB_Floor2,TypeB
1035,2025-04-05T14:29:39.000Z,27.57,33.56,BuildingB_Floor2,TypeB
1002,2025-04-06T06:59:37.000Z,25.28,76.91,BuildingA_Floor2,TypeC
1003,2025-04-06T01:27:10.000Z,28.55,47.57,BuildingB_Floor1,TypeA
1085,2025-04-06T21:02:20.000Z,31.38,44.39,BuildingA_Floor1,TypeB
1034,2025-04-04T09:16:52.000Z,23.75,61.37,BuildingA_Floor2,TypeC
1024,2025-04-02T18:55:46.000Z,18.28,55.77,BuildingB_Floor2,TypeA
1046,2025-04-05T11:03:28.000Z,30.29,57.55,BuildingB_Floor1,TypeB
1041,2025-04-06T03:16:10.000Z,24.9,78.14,BuildingB_Floor1,TypeB
1066,2025-04-06T00:48:28.000Z,19.33,52.03,BuildingA_Floor1,TypeA
1057,2025-04-06T20:04:26.000Z,25.83,54.58,BuildingA_Floor2,TypeB
1096,2025-04-02T22:20:41.000Z,32.8,31.22,BuildingA_Floor1,TypeB
1093,2025-04-05T07:03:49.000Z,29.32,52.06,BuildingA_Floor1,TypeC
1089,2025-04-03T13:59:35.000Z,19.95,56.81,BuildingB_Floor2,TypeC
1013,2025-04-06T06:31:55.000Z,26.25,77.16,BuildingB_Floor1,TypeC
1022,2025-04-05T22:23:41.000Z,16.26,36.65,BuildingA_Floor1,TypeB
1015,2025-04-06T18:03:20.000Z,18.11,62.65,BuildingB_Floor2,TypeA
1031,2025-04-04T23:46:20.000Z,29.81,67.64,BuildingB_Floor1,TypeB
1036,2025-04-03T10:50:49.000Z,20.35,67.36,BuildingA_Floor1,TypeC
1072,2025-04-03T20:59:13.000Z,32.39,65.64,BuildingB_Floor2,TypeC
1004,2025-04-04T12:21:47.000Z,30.79,32.19,BuildingA_Floor2,TypeA
1096,2025-04-07T03:20:01.000Z,34.92,79.07,BuildingA_Floor1,TypeB
1030,2025-04-06T22:42:06.000Z,34.19,63.87,BuildingA_Floor2,TypeC
1027,2025-04-07T07:09:10.000Z,18.07,56.36,BuildingB_Floor2,TypeA
1083,2025-04-07T00:55:36.000Z,33.6,31.51,BuildingB_Floor2,TypeA
1089,2025-04-07T05:33:25.000Z,31.55,37.31,BuildingA_Floor1,TypeB
1055,2025-04-05T17:05:03.000Z,20.98,44.88,BuildingB_Floor1,TypeB
1043,2025-04-07T09:28:56.000Z,29.34,47.02,BuildingA_Floor2,TypeA
1100,2025-04-03T07:49:13.000Z,31.42,49.08,BuildingB_Floor1,TypeC
1042,2025-04-03T09:02:01.000Z,21.34,30.58,BuildingB_Floor1,TypeB
1080,2025-04-02T22:09:59.000Z,25.38,70.12,BuildingB_Floor1,TypeA
1017,2025-04-03T19:44:38.000Z,26.32,58.38,BuildingB_Floor2,TypeB
1003,2025-04-06T07:10:03.000Z,22.95,76.77,BuildingA_Floor1,TypeC
1079,2025-04-07T08:52:45.000Z,23.01,36.45,BuildingB_Floor2,TypeA
1086,2025-04-06T23:50:12.000Z,32.67,42.45,BuildingB_Floor1,TypeA
1053,2025-04-07T04:20:04.000Z,16.44,52.14,BuildingB_Floor2,TypeA
1078,2025-04-07T02:40:01.000Z,26.17,56.51,BuildingA_Floor2,TypeC
1057,2025-04-06T12:07:22.000Z,15.69,56.93,BuildingB_Floor1,TypeA
1095,2025-04-04T15:52:45.000Z,31.68,49.6,BuildingB_Floor1,TypeA
1017,2025-04-03T19:19:37.000Z,18.01,58.69,BuildingA_Floor2,TypeA
1007,2025-04-07T13:05:58.000Z,28.54,36.91,BuildingA_Floor2,TypeC
1038,2025-04-06T14:56:00.000Z,16.81,69.89,BuildingB_Floor2,TypeC
1052,2025-04-03T04:47:39.000Z,27.13,48.34,BuildingA_Floor1,TypeB
1038,2025-04-05T01:05:53.000Z,27.61,62.99,BuildingB_Floor1,TypeC
1037,2025-04-05T20:21:40.000Z,33.77,36.66,BuildingB_Floor2,TypeA
1060,2025-04-05T07:01:48.000Z,28.31,34.53,BuildingB_Floor2,TypeA
1060,2025-04-04T10:27:27.000Z,17.73,33.79,BuildingB_Floor1,TypeC
1008,2025-04-07T02:28:53.000Z,17.15,37.01,BuildingB_Floor2,TypeB
1059,2025-04-04T19:24:15.000Z,18.08,74.17,BuildingA_Floor1,TypeA
1038,2025-04-04T02:34:19.000Z,26.59,31.35,BuildingB_Floor2,TypeC
1007,2025-04-06T20:08:31.000Z,16.58,34.29,BuildingB_Floor1,TypeC
1018,2025-04-03T21:07:20.000Z,31.3,79.39,BuildingA_Floor1,TypeB
1087,2025-04-07T05:22:11.000Z,15.17,46.18,BuildingA_Floor2,TypeA
1011,2025-04-03T17:50:46.000Z,20.21,71.12,BuildingA_Floor2,TypeC
1085,2025-04-06T03:13:10.000Z,22.46,31.87,BuildingA_Floor2,TypeA
1011,2025-04-07T05:11:18.000Z,24.54,56.0,BuildingA_Floor2,TypeB
1081,2025-04-04T10:06:50.000Z,18.13,58.57,BuildingA_Floor1,TypeA
1041,2025-04-05T08:29:44.000Z,29.97,43.45,BuildingA_Floor2,TypeC
1003,2025-04-04T08:01:41.000Z,18.82,74.01,BuildingA_Floor1,TypeB
1033,2025-04-06T09:08:11.000Z,15.34,60.91,BuildingB_Floor2,TypeC
1095,2025-04-07T17:46:51.000Z,23.42,47.38,BuildingA_Floor1,TypeA
1038,2025-04-07T13:42:12.000Z,26.64,75.85,BuildingB_Floor2,TypeA
1067,2025-04-03T09:54:34.000Z,26.55,57.1,BuildingB_Floor1,TypeA
1085,2025-04-07T15:57:06.000Z,31.81,62.72,BuildingB_Floor1,TypeC
1024,2025-04-03T18:22:55.000Z,34.84,32.11,BuildingB_Floor1,TypeC
1042,2025-04-06T18:18:43.000Z,33.07,77.83,BuildingB_Floor1,TypeC
1011,2025-04-05T07:39:46.000Z,18.74,58.81,BuildingA_Floor1,TypeC
1012,2025-04-04T19:31:24.000Z,28.92,77.87,BuildingB_Floor2,TypeC
1028,2025-04-03T03:20:36.000Z,33.4,70.39,BuildingA_Floor1,TypeC
1077,2025-04-05T09:42:25.000Z,25.45,37.59,BuildingB_Floor2,TypeC
1006,2025-04-06T14:04:44.000Z,33.03,65.39,BuildingB_Floor2,TypeC
1080,2025-04-05T06:03:13.000Z,21.77,36.35,BuildingA_Floor1,TypeA
1063,2025-04-05T21:42:16.000Z,25.9,51.24,BuildingB_Floor2,TypeB
1095,2025-04-03T01:07:51.000Z,28.32,44.26,BuildingA_Floor1,TypeB
1078,2025-04-06T18:07:22.000Z,21.16,56.12,BuildingA_Floor1,TypeB
1056,2025-04-07T09:43:53.000Z,16.04,67.78,BuildingB_Floor2,TypeC
1086,2025-04-07T03:08:38.000Z,33.16,58.7,BuildingA_Floor2,TypeC
1077,2025-04-06T02:01:44.000Z,18.31,56.46,BuildingB_Floor2,TypeB
1020,2025-04-05T15:37:46.000Z,33.17,74.91,BuildingA_Floor1,TypeC
1028,2025-04-03T21:58:45.000Z,30.82,56.38,BuildingA_Floor1,TypeB
1012,2025-04-06T17:15:45.000Z,15.32,30.56,BuildingA_Floor1,TypeC
1032,2025-04-03T20:13:43.000Z,29.56,79.81,BuildingB_Floor2,TypeA
1070,2025-04-03T19:50:33.000Z,31.04,40.31,BuildingB_Floor1,TypeB
1005,2025-04-05T21:35:26.000Z,21.08,73.38,BuildingA_Floor2,TypeB
1030,2025-04-03T21:25:09.000Z,21.64,34.55,BuildingB_Floor1,TypeB
1073,2025-04-07T15:51:03.000Z,29.58,50.32,BuildingB_Floor2,TypeB
1046,2025-04-03T20:17:18.000Z,18.16,68.94,BuildingB_Floor1,TypeC
1008,2025-04-03T18:32:41.000Z,26.12,70.33,BuildingB_Floor2,TypeA
1030,2025-04-05T21:22:46.000Z,30.16,58.01,BuildingA_Floor2,TypeA
1062,2025-04-03T18:23:12.000Z,25.59,31.63,BuildingA_Floor2,TypeB
1019,2025-04-06T13:40:40.000Z,28.63,38.82,BuildingA_Floor1,TypeA
1049,2025-04-03T03:06:45.000Z,17.03,37.09,BuildingA_Floor2,TypeB
1036,2025-04-07T07:08:11.000Z,19.53,79.21,BuildingA_Floor2,TypeC
1047,2025-04-02T19:11:12.000Z,15.52,71.81,BuildingA_Floor1,TypeC
1057,2025-04-03T11:19:21.000Z,17.84,35.83,BuildingB_Floor2,TypeB
1001,2025-04-05T14:07:47.000Z,17.29,37.3,BuildingB_Floor1,TypeA
1057,2025-04-05T05:59:22.000Z,16.97,31.79,BuildingA_Floor1,TypeB
1065,2025-04-04T07:32:57.000Z,25.09,39.08,BuildingA_Floor2,TypeA
1075,2025-04-03T15:48:29.000Z,19.85,68.22,BuildingB_Floor1,TypeB
1042,2025-04-06T02:40:58.000Z,27.56,43.67,BuildingB_Floor2,TypeA
1041,2025-04-04T14:46:24.000Z,33.97,50.1,BuildingB_Floor2,TypeA
1095,2025-04-06T19:25:58.000Z,18.16,44.07,BuildingB_Floor1,TypeA
1059,2025-04-03T03:17:56.000Z,17.0,79.6,BuildingA_Floor2,TypeB
1052,2025-04-06T02:32:33.000Z,16.8,75.74,BuildingB_Floor1,TypeC
1009,2025-04-04T20:20:28.000Z,34.01,35.25,BuildingA_Floor2,TypeA
1019,2025-04-02T22:56:02.000Z,25.18,79.82,BuildingB_Floor2,TypeA
1078,2025-04-05T03:48:25.000Z,26.98,61.89,BuildingA_Floor1,TypeC
1019,2025-04-05T16:22:55.000Z,26.38,72.93,BuildingA_Floor1,TypeC
1006,2025-04-07T18:13:53.000Z,19.07,49.94,BuildingB_Floor2,TypeA
1085,2025-04-04T15:21:14.000Z,26.81,51.91,BuildingA_Floor1,TypeC
1002,2025-04-03T02:39:27.000Z,19.51,38.5,BuildingA_Floor2,TypeB
1014,2025-04-06T22:25:43.000Z,16.59,49.79,BuildingB_Floor2,TypeA
1098,2025-04-02T22:46:52.000Z,25.91,32.84,BuildingB_Floor2,TypeB
1096,2025-04-07T13:22:06.000Z,34.23,70.15,BuildingA_Floor1,TypeA
1034,2025-04-06T07:39:57.000Z,32.27,54.13,BuildingB_Floor1,TypeC
1061,2025-04-06T12:53:46.000Z,29.96,48.97,BuildingA_Floor1,TypeA
1100,2025-04-05T07:57:45.000Z,18.43,65.26,BuildingB_Floor1,TypeB
1066,2025-04-07T09:22:24.000Z,32.45,48.92,BuildingB_Floor2,TypeB
1040,2025-04-06T07:33:43.000Z,30.91,63.86,BuildingB_Floor1,TypeA
1043,2025-04-03T08:23:59.000Z,26.38,53.38,BuildingA_Floor2,TypeB
1011,2025-04-02T21:42:55.000Z,24.18,49.11,BuildingA_Floor2,TypeA
1079,2025-04-05T00:39:43.000Z,33.8,54.68,BuildingB_Floor2,TypeC
1097,2025-04-06T19:12:07.000Z,28.78,70.22,BuildingA_Floor1,TypeC
1042,2025-04-02T23:17:08.000Z,29.78,51.52,BuildingB_Floor2,TypeB
1070,2025-04-05T06:37:11.000Z,30.9,64.9,BuildingA_Floor1,TypeB
1029,2025-04-02T18:51:04.000Z,17.87,41.17,BuildingB_Floor2,TypeA
1054,2025-04-06T22:00:00.000Z,33.9,33.2,BuildingA_Floor1,TypeA
1007,2025-04-06T04:29:31.000Z,23.6,43.72,BuildingB_Floor2,TypeC
1059,2025-04-07T17:00:10.000Z,33.57,75.87,BuildingA_Floor2,TypeA
1018,2025-04-03T21:12:42.000Z,19.96,31.62,BuildingA_Floor2,TypeA
1094,2025-04-07T00:46:06.000Z,16.44,39.66,BuildingA_Floor1,TypeB
1030,2025-04-04T00:31:40.000Z,34.96,53.4,BuildingA_Floor1,TypeA
1023,2025-04-07T00:51:27.000Z,24.2,52.93,BuildingA_Floor1,TypeA
1015,2025-04-05T19:55:29.000Z,28.64,66.3,BuildingA_Floor2,TypeB
1100,2025-04-04T04:35:33.000Z,27.42,30.25,BuildingA_Floor1,TypeC
1047,2025-04-03T09:26:07.000Z,24.68,52.08,BuildingB_Floor1,TypeB
1072,2025-04-04T09:23:37.000Z,23.56,53.19,BuildingB_Floor1,TypeA
1008,2025-04-07T17:07:13.000Z,26.93,75.13,BuildingA_Floor1,TypeA
1059,2025-04-04T23:47:47.000Z,33.97,55.73,BuildingA_Floor2,TypeA
1040,2025-04-04T13:24:25.000Z,20.32,46.75,BuildingB_Floor1,TypeB
1035,2025-04-04T11:17:09.000Z,24.74,54.93,BuildingA_Floor1,TypeC
1074,2025-04-05T21:32:51.000Z,15.84,39.44,BuildingB_Floor2,TypeB
1005,2025-04-07T02:58:08.000Z,33.38,38.71,BuildingA_Floor2,TypeB
1016,2025-04-03T16:33:46.000Z,17.04,75.54,BuildingB_Floor1,TypeB
1048,2025-04-06T19:46:27.000Z,27.5,72.93,BuildingA_Floor2,TypeB
1075,2025-04-05T04:40:41.000Z,25.7,48.31,BuildingA_Floor2,TypeB
1015,2025-04-06T09:35:38.000Z,24.13,57.84,BuildingA_Floor1,TypeC
1039,2025-04-06T14:52:39.000Z,24.66,52.97,BuildingA_Floor1,TypeB
1089,2025-04-03T12:12:51.000Z,15.79,33.76,BuildingB_Floor1,TypeA
1030,2025-04-05T08:56:44.000Z,24.75,49.4,BuildingA_Floor1,TypeA
1000,2025-04-04T12:22:35.000Z,28.48,37.02,BuildingA_Floor2,TypeC
1010,2025-04-07T17:12:00.000Z,20.18,36.09,BuildingA_Floor1,TypeC
1033,2025-04-06T18:01:33.000Z,31.34,71.82,BuildingB_Floor1,TypeA
1065,2025-04-07T14:48:03.000Z,15.34,73.67,BuildingA_Floor1,TypeC
1030,2025-04-04T14:38:21.000Z,28.48,73.28,BuildingA_Floor2,TypeB
1071,2025-04-06T07:26:03.000Z,28.51,60.09,BuildingA_Floor2,TypeA
1052,2025-04-04T07:28:28.000Z,25.54,32.85,BuildingA_Floor1,TypeB
1078,2025-04-03T17:29:17.000Z,25.71,68.02,BuildingA_Floor1,TypeA
1010,2025-04-06T22:36:21.000Z,22.65,51.47,BuildingA_Floor2,TypeB
1060,2025-04-07T10:53:46.000Z,16.22,62.96,BuildingB_Floor1,TypeB
1028,2025-04-04T08:52:27.000Z,20.16,74.29,BuildingB_Floor2,TypeB
1054,2025-04-03T19:02:56.000Z,17.03,73.68,BuildingB_Floor1,TypeC
1063,2025-04-05T16:56:48.000Z,26.64,38.83,BuildingB_Floor2,TypeB
1045,2025-04-05T22:09:24.000Z,21.6,56.07,BuildingB_Floor1,TypeB
1029,2025-04-03T14:31:43.000Z,31.26,33.81,BuildingA_Floor1,TypeB
1013,2025-04-07T07:06:16.000Z,24.97,78.12,BuildingB_Floor2,TypeC
1083,2025-04-06T11:54:29.000Z,27.22,58.36,BuildingB_Floor2,TypeA
1092,2025-04-04T19:37:09.000Z,27.34,60.67,BuildingA_Floor1,TypeA
1013,2025-04-02T20:20:03.000Z,19.51,63.88,BuildingB_Floor2,TypeC
1045,2025-04-05T11:52:58.000Z,18.23,79.52,BuildingA_Floor2,TypeA
1061,2025-04-06T01:03:54.000Z,20.93,59.15,BuildingA_Floor2,TypeB
1021,2025-04-07T06:51:06.000Z,34.57,55.32,BuildingA_Floor2,TypeC
1047,2025-04-02T22:37:20.000Z,29.44,32.68,BuildingB_Floor2,TypeC
1053,2025-04-06T01:00:59.000Z,30.66,49.09,BuildingA_Floor2,TypeA
1057,2025-04-05T07:34:33.000Z,24.36,56.42,BuildingB_Floor1,TypeB
1052,2025-04-07T00:42:08.000Z,18.61,56.65,BuildingA_Floor2,TypeA
1057,2025-04-07T11:07:29.000Z,17.97,53.36,BuildingA_Floor1,TypeA
1044,2025-04-03T04:34:14.000Z,29.18,30.99,BuildingB_Floor2,TypeA
1070,2025-04-04T03:36:00.000Z,23.07,68.45,BuildingA_Floor2,TypeB
1064,2025-04-04T10:22:32.000Z,16.08,76.7,BuildingB_Floor2,TypeC
1052,2025-04-03T11:52:53.000Z,34.33,43.64,BuildingB_Floor2,TypeC
1096,2025-04-02T22:48:37.000Z,27.02,34.64,BuildingB_Floor1,TypeC
1008,2025-04-05T07:44:20.000Z,27.41,79.96,BuildingA_Floor2,TypeA
1023,2025-04-07T02:31:11.000Z,31.39,60.97,BuildingB_Floor2,TypeC
1078,2025-04-03T08:34:38.000Z,21.64,77.79,BuildingA_Floor1,TypeC
1089,2025-04-05T03:55:40.000Z,33.96,67.87,BuildingB_Floor2,TypeC
1044,2025-04-06T23:00:27.000Z,22.03,51.2,BuildingB_Floor1,TypeA
1060,2025-04-04T05:15:19.000Z,15.62,40.22,BuildingB_Floor1,TypeA
1040,2025-04-05T23:27:34.000Z,27.63,79.89,BuildingA_Floor1,TypeA
1093,2025-04-06T00:58:55.000Z,32.26,32.44,BuildingA_Floor1,TypeA
1048,2025-04-07T08:23:20.000Z,19.28,54.39,BuildingA_Floor1,TypeB
1008,2025-04-06T02:30:43.000Z,27.23,60.5,BuildingA_Floor2,TypeA
1053,2025-04-07T05:37:10.000Z,30.18,45.0,BuildingB_Floor2,TypeA
1019,2025-04-05T22:51:22.000Z,27.05,59.72,BuildingA_Floor2,TypeA
1051,2025-04-07T11:27:26.000Z,23.37,74.87,BuildingB_Floor1,TypeB
1034,2025-04-03T18:45:15.000Z,24.15,41.61,BuildingB_Floor1,TypeB
1045,2025-04-06T04:51:01.000Z,30.58,60.17,BuildingA_Floor2,TypeB
1008,2025-04-04T09:42:19.000Z,32.32,65.67,BuildingA_Floor2,TypeB
1014,2025-04-04T18:37:50.000Z,32.34,75.02,BuildingB_Floor2,TypeB
1057,2025-04-04T04:45:05.000Z,16.25,74.71,BuildingA_Floor2,TypeA
1095,2025-04-06T12:11:46.000Z,31.55,50.85,BuildingA_Floor1,TypeC
1003,2025-04-03T13:21:47.000Z,20.24,41.44,BuildingB_Floor2,TypeC
1094,2025-04-03T23:40:50.000Z,30.32,50.28,BuildingA_Floor1,TypeB
1040,2025-04-05T20:39:51.000Z,28.19,46.16,BuildingB_Floor2,TypeC
1063,2025-04-03T00:31:10.000Z,27.75,43.6,BuildingB_Floor2,TypeA
1054,2025-04-02T22:09:19.000Z,33.13,60.52,BuildingB_Floor1,TypeB
1071,2025-04-03T10:27:08.000Z,26.06,56.75,BuildingA_Floor1,TypeB
1010,2025-04-06T11:39:07.000Z,25.08,73.89,BuildingB_Floor2,TypeC
1009,2025-04-07T03:37:34.000Z,27.98,49.02,BuildingA_Floor1,TypeC
1007,2025-04-04T22:32:02.000Z,33.59,75.41,BuildingB_Floor1,TypeA
1100,2025-04-04T08:44:07.000Z,23.23,77.87,BuildingB_Floor1,TypeA
1096,2025-04-05T18:43:51.000Z,22.27,34.77,BuildingA_Floor1,TypeA
1076,2025-04-06T19:15:26.000Z,27.71,70.87,BuildingB_Floor2,TypeA
1029,2025-04-05T02:34:32.000Z,30.65,43.46,BuildingA_Floor2,TypeB
1061,2025-04-06T07:49:16.000Z,21.33,34.99,BuildingB_Floor1,TypeB
1037,2025-04-06T01:28:01.000Z,33.51,77.42,BuildingA_Floor2,TypeC
1066,2025-04-03T11:13:32.000Z,20.95,67.57,BuildingB_Floor2,TypeA
1024,2025-04-04T04:44:02.000Z,20.22,59.84,BuildingB_Floor2,TypeA
1013,2025-04-07T00:33:26.000Z,16.52,65.51,BuildingB_Floor1,TypeC
1100,2025-04-05T21:01:12.000Z,17.09,79.82,BuildingB_Floor1,TypeA
1048,2025-04-03T12:49:00.000Z,17.95,42.65,BuildingA_Floor2,TypeC
1012,2025-04-05T13:56:13.000Z,24.58,56.99,BuildingB_Floor2,TypeA
1011,2025-04-05T15:01:37.000Z,32.95,70.59,BuildingA_Floor2,TypeB
1085,2025-04-03T11:01:30.000Z,22.79,56.33,BuildingA_Floor1,TypeA
1099,2025-04-04T04:43:20.000Z,17.48,41.72,BuildingA_Floor1,TypeC
1078,2025-04-06T19:56:02.000Z,18.34,51.56,BuildingB_Floor2,TypeB
1078,2025-04-05T01:11:26.000Z,18.87,73.77,BuildingB_Floor1,TypeC
1081,2025-04-05T19:03:23.000Z,31.23,45.3,BuildingA_Floor1,TypeA
1060,2025-04-05T19:56:04.000Z,28.86,73.87,BuildingB_Floor1,TypeA
1028,2025-04-03T02:48:10.000Z,34.83,46.95,BuildingB_Floor1,TypeA
1096,2025-04-06T00:02:13.000Z,29.02,68.72,BuildingA_Floor1,TypeC
1049,2025-04-07T09:28:08.000Z,27.62,63.54,BuildingA_Floor1,TypeC
1076,2025-04-06T12:07:28.000Z,24.92,61.38,BuildingA_Floor1,TypeC
1049,2025-04-04T22:06:58.000Z,31.76,55.41,BuildingB_Floor1,TypeB
1027,2025-04-05T21:16:33.000Z,22.51,40.6,BuildingB_Floor2,TypeC
1057,2025-04-04T15:02:28.000Z,17.02,43.18,BuildingA_Floor1,TypeA
1088,2025-04-05T18:25:50.000Z,25.7,54.47,BuildingB_Floor1,TypeA
1095,2025-04-03T18:09:29.000Z,15.02,30.75,BuildingA_Floor2,TypeA
1045,2025-04-03T04:19:59.000Z,16.24,71.41,BuildingA_Floor1,TypeA
1082,2025-04-05T22:45:25.000Z,33.45,77.76,BuildingB_Floor2,TypeB
1076,2025-04-04T02:11:16.000Z,19.73,60.25,BuildingA_Floor1,TypeA
1052,2025-04-03T20:01:04.000Z,20.78,66.1,BuildingB_Floor1,TypeA
1031,2025-04-04T17:00:31.000Z,23.36,76.32,BuildingA_Floor2,TypeB
1010,2025-04-03T08:10:55.000Z,15.92,63.91,BuildingB_Floor1,TypeC
1021,2025-04-04T05:00:43.000Z,20.28,35.48,BuildingB_Floor1,TypeC
1030,2025-04-05T23:28:52.000Z,22.51,54.04,BuildingA_Floor2,TypeB
1069,2025-04-05T05:20:25.000Z,26.72,44.12,BuildingA_Floor2,TypeA
1029,2025-04-05T01:01:31.000Z,26.85,39.17,BuildingB_Floor1,TypeB
1087,2025-04-07T14:18:20.000Z,30.67,40.8,BuildingB_Floor1,TypeB
1074,2025-04-05T00:05:55.000Z,28.88,37.52,BuildingA_Floor2,TypeA
1007,2025-04-03T18:41:40.000Z,20.99,49.14,BuildingB_Floor2,TypeB
1074,2025-04-06T14:31:36.000Z,24.71,63.61,BuildingB_Floor1,TypeB
1041,2025-04-04T23:18:15.000Z,25.16,53.82,BuildingB_Floor2,TypeB
1048,2025-04-07T01:32:56.000Z,23.47,77.89,BuildingB_Floor1,TypeC
1038,2025-04-04T20:27:31.000Z,22.03,55.51,BuildingA_Floor1,TypeB
1012,2025-04-05T16:23:39.000Z,28.54,79.95,BuildingA_Floor1,TypeC
1017,2025-04-03T16:45:03.000Z,30.35,39.19,BuildingB_Floor1,TypeB
1049,2025-04-06T22:56:40.000Z,29.51,39.93,BuildingB_Floor1,TypeA
1048,2025-04-03T20:55:26.000Z,17.25,77.78,BuildingB_Floor1,TypeB
1086,2025-04-06T02:34:23.000Z,25.84,55.56,BuildingA_Floor1,TypeB
1098,2025-04-03T05:23:28.000Z,18.44,30.79,BuildingB_Floor1,TypeA
1004,2025-04-04T16:11:52.000Z,16.4,78.38,BuildingA_Floor2,TypeC
1045,2025-04-03T03:44:54.000Z,21.94,70.86,BuildingA_Floor1,TypeA
1025,2025-04-07T00:03:36.000Z,18.45,78.62,BuildingA_Floor2,TypeB
1003,2025-04-04T17:58:47.000Z,26.6,61.07,BuildingB_Floor1,TypeC
1014,2025-04-04T14:03:11.000Z,21.12,44.34,BuildingA_Floor1,TypeB
1046,2025-04-05T12:49:19.000Z,25.43,76.87,BuildingA_Floor1,TypeC
1000,2025-04-02T19:13:23.000Z,34.23,38.97,BuildingB_Floor2,TypeC
1049,2025-04-04T02:31:44.000Z,33.73,71.23,BuildingB_Floor2,TypeB
1060,2025-04-04T22:20:35.000Z,17.02,51.09,BuildingA_Floor2,TypeB
1030,2025-04-03T11:18:27.000Z,17.11,62.5,BuildingA_Floor2,TypeA
1085,2025-04-06T12:50:33.000Z,16.24,66.28,BuildingA_Floor2,TypeA
1018,2025-04-04T06:13:07.000Z,18.73,38.99,BuildingB_Floor2,TypeB
1074,2025-04-05T17:44:57.000Z,34.47,68.71,BuildingB_Floor2,TypeC
1081,2025-04-05T00:04:25.000Z,25.82,79.41,BuildingB_Floor1,TypeC
1043,2025-04-05T05:23:51.000Z,25.41,47.98,BuildingA_Floor2,TypeA
1038,2025-04-07T14:06:46.000Z,18.74,49.28,BuildingB_Floor1,TypeB
1063,2025-04-03T05:16:49.000Z,31.14,59.33,BuildingB_Floor2,TypeC
1090,2025-04-07T06:25:35.000Z,30.77,45.19,BuildingA_Floor2,TypeC
1009,2025-04-06T22:51:45.000Z,20.51,48.85,BuildingB_Floor1,TypeB
1065,2025-04-07T02:10:44.000Z,28.23,38.53,BuildingA_Floor1,TypeC
1037,2025-04-07T17:10:15.000Z,25.74,32.57,BuildingA_Floor1,TypeB
1032,2025-04-04T02:17:53.000Z,16.1,48.69,BuildingA_Floor1,TypeB
1061,2025-04-04T23:48:08.000Z,24.75,58.68,BuildingA_Floor1,TypeC
1092,2025-04-02T22:34:54.000Z,21.53,35.39,BuildingB_Floor2,TypeC
1026,2025-04-07T12:41:24.000Z,28.83,32.82,BuildingA_Floor1,TypeC
1055,2025-04-03T20:30:51.000Z,31.26,69.77,BuildingB_Floor2,TypeC
1047,2025-04-02T19:13:21.000Z,26.82,48.37,BuildingA_Floor2,TypeB
1041,2025-04-03T02:09:20.000Z,19.34,32.84,BuildingB_Floor1,TypeA
1024,2025-04-03T21:21:44.000Z,29.11,77.83,BuildingA_Floor2,TypeB
1018,2025-04-06T21:40:13.000Z,34.06,57.11,BuildingA_Floor2,TypeB
1090,2025-04-07T01:36:41.000Z,33.31,61.79,BuildingA_Floor2,TypeB
1020,2025-04-04T16:59:38.000Z,31.6,59.52,BuildingB_Floor2,TypeB
1006,2025-04-05T23:31:55.000Z,20.17,68.38,BuildingA_Floor2,TypeB
1093,2025-04-05T17:32:42.000Z,23.38,74.07,BuildingB_Floor1,TypeC
1083,2025-04-05T19:26:54.000Z,21.91,61.26,BuildingA_Floor2,TypeA
1014,2025-04-04T21:00:25.000Z,24.38,49.45,BuildingA_Floor1,TypeA
1029,2025-04-06T11:48:35.000Z,15.35,67.95,BuildingA_Floor2,TypeC
1073,2025-04-05T07:33:41.000Z,20.74,50.31,BuildingB_Floor1,TypeC
1096,2025-04-06T21:10:15.000Z,17.61,73.21,BuildingB_Floor1,TypeB
1053,2025-04-04T22:56:01.000Z,17.37,70.54,BuildingA_Floor2,TypeB
1041,2025-04-03T09:16:32.000Z,19.11,34.8,BuildingA_Floor1,TypeB
1052,2025-04-03T22:03:47.000Z,26.01,36.59,BuildingB_Floor2,TypeB
1011,2025-04-06T20:15:16.000Z,29.62,47.12,BuildingA_Floor1,TypeA
1037,2025-04-04T02:54:30.000Z,24.22,56.02,BuildingA_Floor1,TypeC
1051,2025-04-03T16:48:23.000Z,24.56,45.84,BuildingB_Floor1,TypeA
1057,2025-04-03T12:58:58.000Z,15.92,78.34,BuildingA_Floor1,TypeA
1029,2025-04-04T23:53:35.000Z,26.65,51.27,BuildingA_Floor1,TypeB
1019,2025-04-06T01:02:26.000Z,29.48,36.13,BuildingB_Floor2,TypeA
1055,2025-04-07T01:44:30.000Z,27.2,72.14,BuildingA_Floor1,TypeB
1052,2025-04-07T11:58:03.000Z,31.27,63.7,BuildingB_Floor2,TypeC
1070,2025-04-04T15:18:33.000Z,30.86,52.57,BuildingB_Floor2,TypeB
1099,2025-04-03T12:20:38.000Z,17.54,76.21,BuildingB_Floor1,TypeC
1059,2025-04-07T04:11:01.000Z,30.84,60.17,BuildingA_Floor1,TypeA
1080,2025-04-06T15:11:25.000Z,18.89,68.6,BuildingA_Floor2,TypeB
1036,2025-04-05T00:33:23.000Z,24.91,49.88,BuildingB_Floor2,TypeB
1060,2025-04-06T07:51:07.000Z,32.75,57.21,BuildingB_Floor2,TypeC
1068,2025-04-07T18:30:27.000Z,25.7,60.54,BuildingA_Floor2,TypeC
1042,2025-04-04T15:40:12.000Z,25.83,36.67,BuildingA_Floor1,TypeA
1090,2025-04-02T23:17:07.000Z,30.01,59.99,BuildingA_Floor2,TypeC
1010,2025-04-03T06:28:17.000Z,20.77,44.83,BuildingA_Floor2,TypeC
1076,2025-04-02T23:56:11.000Z,23.02,39.8,BuildingB_Floor1,TypeA
1014,2025-04-03T18:26:57.000Z,27.9,64.98,BuildingA_Floor2,TypeB
1067,2025-04-07T10:21:54.000Z,24.11,50.27,BuildingA_Floor1,TypeB
1078,2025-04-04T22:04:36.000Z,24.45,60.52,BuildingB_Floor1,TypeA
1016,2025-04-06T13:00:58.000Z,21.96,75.0,BuildingB_Floor2,TypeA
1011,2025-04-07T13:12:54.000Z,24.1,78.93,BuildingA_Floor1,TypeA
1070,2025-04-06T10:36:20.000Z,31.13,39.92,BuildingA_Floor2,TypeA
1100,2025-04-05T02:34:23.000Z,32.4,35.72,BuildingA_Floor1,TypeA
1067,2025-04-07T03:51:57.000Z,31.3,45.03,BuildingA_Floor2,TypeC
1077,2025-04-07T00:41:43.000Z,23.79,41.58,BuildingA_Floor2,TypeC
1037,2025-04-06T10:20:22.000Z,20.85,44.81,BuildingA_Floor1,TypeC
1095,2025-04-03T02:56:00.000Z,16.8,69.47,BuildingA_Floor1,TypeB
1030,2025-04-06T16:18:24.000Z,18.38,40.66,BuildingB_Floor2,TypeA
1015,2025-04-04T20:52:56.000Z,19.03,40.82,BuildingB_Floor2,TypeA
1000,2025-04-05T08:03:42.000Z,19.78,48.59,BuildingA_Floor2,TypeC
1023,2025-04-04T19:19:47.000Z,29.63,51.39,BuildingB_Floor1,TypeC
1065,2025-04-06T08:56:44.000Z,16.1,57.59,BuildingA_Floor1,TypeC
1055,2025-04-06T00:51:40.000Z,28.36,55.72,BuildingA_Floor2,TypeA
1037,2025-04-07T03:33:20.000Z,32.63,74.99,BuildingB_Floor1,TypeC
1011,2025-04-04T18:23:13.000Z,24.78,71.29,BuildingB_Floor2,TypeB
1096,2025-04-07T04:55:00.000Z,28.03,70.54,BuildingB_Floor1,TypeC
1005,2025-04-03T18:29:34.000Z,28.3,40.35,BuildingB_Floor1,TypeB
1054,2025-04-03T13:35:36.000Z,31.39,79.13,BuildingA_Floor2,TypeC
1075,2025-04-07T10:44:14.000Z,23.58,73.76,BuildingA_Floor1,TypeC
1051,2025-04-03T15:05:55.000Z,33.1,46.44,BuildingA_Floor1,TypeA
1019,2025-04-03T12:17:14.000Z,18.97,54.37,BuildingA_Floor2,TypeC
1063,2025-04-04T02:07:19.000Z,33.5,53.92,BuildingB_Floor1,TypeB
1094,2025-04-02T22:26:04.000Z,29.26,44.67,BuildingB_Floor1,TypeB
1003,2025-04-04T10:00:31.000Z,24.77,72.48,BuildingA_Floor1,TypeB
1002,2025-04-06T03:28:48.000Z,19.84,54.5,BuildingA_Floor2,TypeB
1045,2025-04-04T21:35:54.000Z,24.78,63.26,BuildingA_Floor1,TypeB
1072,2025-04-05T18:45:24.000Z,22.02,63.39,BuildingA_Floor1,TypeB
1070,2025-04-03T08:27:52.000Z,34.4,78.4,BuildingB_Floor2,TypeA
1039,2025-04-07T08:35:27.000Z,19.63,61.09,BuildingB_Floor2,TypeC
1056,2025-04-04T07:17:05.000Z,32.77,78.44,BuildingA_Floor1,TypeB
1079,2025-04-06T04:38:23.000Z,17.62,78.73,BuildingB_Floor1,TypeB
1049,2025-04-04T10:40:19.000Z,22.55,43.87,BuildingA_Floor1,TypeB
1049,2025-04-05T06:47:39.000Z,32.82,64.28,BuildingB_Floor2,TypeA
1064,2025-04-06T03:54:32.000Z,19.17,50.53,BuildingA_Floor2,TypeA
1046,2025-04-05T22:16:19.000Z,22.21,41.34,BuildingB_Floor1,TypeC
1039,2025-04-06T14:08:22.000Z,25.74,76.01,BuildingA_Floor1,TypeA
1093,2025-04-06T08:20:19.000Z,24.78,35.47,BuildingB_Floor2,TypeB
1096,2025-04-05T17:26:38.000Z,34.22,78.43,BuildingB_Floor1,TypeC
1098,2025-04-05T13:59:00.000Z,32.67,33.82,BuildingA_Floor1,TypeB
1001,2025-04-04T05:13:47.000Z,25.38,32.64,BuildingA_Floor1,TypeC
1067,2025-04-02T21:22:04.000Z,29.5,43.28,BuildingA_Floor2,TypeA
1017,2025-04-06T15:01:12.000Z,33.12,31.6,BuildingB_Floor1,TypeA
1022,2025-04-03T04:27:15.000Z,23.69,61.3,BuildingB_Floor1,TypeA
1048,2025-04-02T23:26:34.000Z,18.13,49.93,BuildingA_Floor2,TypeB
1059,2025-04-04T05:56:04.000Z,21.35,49.48,BuildingA_Floor2,TypeA
1091,2025-04-04T05:06:22.000Z,16.27,58.88,BuildingB_Floor1,TypeB
1027,2025-04-07T17:42:12.000Z,16.54,74.72,BuildingB_Floor2,TypeC
1071,2025-04-06T09:10:52.000Z,25.71,68.09,BuildingA_Floor1,TypeA
1092,2025-04-06T09:42:35.000Z,31.3,40.2,BuildingA_Floor2,TypeC
1010,2025-04-06T16:17:47.000Z,27.43,71.92,BuildingB_Floor1,TypeC
1007,2025-04-04T23:00:40.000Z,18.9,69.79,BuildingB_Floor1,TypeA
1007,2025-04-04T13:20:18.000Z,21.84,49.75,BuildingB_Floor1,TypeB
1052,2025-04-07T11:31:34.000Z,31.37,71.85,BuildingA_Floor2,TypeC
1033,2025-04-04T05:28:49.000Z,30.85,75.56,BuildingA_Floor1,TypeA
1071,2025-04-03T12:22:35.000Z,30.77,55.25,BuildingA_Floor1,TypeB
1073,2025-04-06T06:03:40.000Z,20.38,48.21,BuildingB_Floor2,TypeB
1083,2025-04-05T19:36:42.000Z,28.9,41.96,BuildingB_Floor1,TypeB
1082,2025-04-03T01:30:35.000Z,20.45,64.24,BuildingA_Floor1,TypeA
1037,2025-04-02T23:23:46.000Z,24.01,44.77,BuildingA_Floor2,TypeC
1045,2025-04-06T20:20:17.000Z,26.92,47.34,BuildingB_Floor1,TypeA
1046,2025-04-03T02:27:48.000Z,31.41,41.98,BuildingA_Floor2,TypeA
1100,2025-04-06T02:06:46.000Z,34.77,53.23,BuildingA_Floor2,TypeC
1098,2025-04-03T07:58:09.000Z,28.03,64.89,BuildingA_Floor1,TypeA
1003,2025-04-06T02:58:29.000Z,27.39,54.1,BuildingB_Floor1,TypeB
1047,2025-04-04T19:00:04.000Z,16.93,36.77,BuildingB_Floor2,TypeB
1038,2025-04-06T05:40:30.000Z,15.3,44.76,BuildingB_Floor2,TypeA
1001,2025-04-05T05:43:54.000Z,34.33,64.13,BuildingB_Floor2,TypeB
1036,2025-04-03T15:28:37.000Z,26.88,76.48,BuildingB_Floor1,TypeA
1082,2025-04-04T21:30:31.000Z,20.27,78.18,BuildingB_Floor1,TypeB
1093,2025-04-03T08:50:26.000Z,22.06,31.74,BuildingA_Floor1,TypeB
1077,2025-04-06T14:35:53.000Z,15.85,69.43,BuildingB_Floor1,TypeA
1049,2025-04-06T18:15:11.000Z,23.83,34.93,BuildingB_Floor1,TypeC
1020,2025-04-04T05:28:53.000Z,16.18,78.64,BuildingB_Floor1,TypeA
1032,2025-04-05T05:29:07.000Z,22.7,57.49,BuildingA_Floor2,TypeA
1017,2025-04-07T14:52:43.000Z,26.0,41.74,BuildingB_Floor1,TypeA
1033,2025-04-04T01:51:05.000Z,18.03,60.59,BuildingB_Floor2,TypeB
1051,2025-04-04T04:20:38.000Z,17.92,65.96,BuildingB_Floor2,TypeA
1079,2025-04-03T23:12:43.000Z,19.1,45.16,BuildingA_Floor2,TypeC
1034,2025-04-07T10:02:02.000Z,29.67,55.85,BuildingA_Floor2,TypeC
1009,2025-04-03T17:05:17.000Z,34.67,64.31,BuildingB_Floor2,TypeA
1092,2025-04-07T11:01:28.000Z,24.23,48.3,BuildingA_Floor1,TypeC
1097,2025-04-03T06:13:14.000Z,29.63,69.65,BuildingB_Floor1,TypeA
1058,2025-04-04T09:29:07.000Z,25.35,51.48,BuildingA_Floor2,TypeA
1055,2025-04-05T14:08:38.000Z,18.96,64.84,BuildingB_Floor2,TypeA
1025,2025-04-07T09:31:40.000Z,30.73,67.09,BuildingA_Floor2,TypeB
1006,2025-04-07T13:25:30.000Z,15.51,58.08,BuildingA_Floor1,TypeC
1093,2025-04-03T09:43:00.000Z,22.6,49.02,BuildingB_Floor1,TypeB
1023,2025-04-04T15:56:26.000Z,15.89,78.8,BuildingA_Floor2,TypeA
1082,2025-04-06T05:52:08.000Z,23.83,51.99,BuildingB_Floor1,TypeA
1075,2025-04-07T10:37:40.000Z,32.67,76.49,BuildingA_Floor1,TypeB
1067,2025-04-05T12:40:45.000Z,18.69,75.74,BuildingA_Floor1,TypeC
1000,2025-04-05T20:40:48.000Z,30.39,59.55,BuildingB_Floor2,TypeA
1061,2025-04-03T08:46:07.000Z,34.11,60.7,BuildingB_Floor1,TypeB
1054,2025-04-02T23:44:45.000Z,17.13,37.87,BuildingB_Floor1,TypeA
1087,2025-04-05T12:58:00.000Z,28.55,54.03,BuildingB_Floor2,TypeC
1001,2025-04-06T01:50:57.000Z,34.53,37.48,BuildingA_Floor2,TypeC
1076,2025-04-03T12:19:32.000Z,24.71,61.15,BuildingA_Floor1,TypeB
1079,2025-04-06T10:10:59.000Z,28.1,57.29,BuildingA_Floor2,TypeA
1018,2025-04-03T14:57:29.000Z,20.66,42.39,BuildingA_Floor1,TypeB
1091,2025-04-06T01:29:40.000Z,25.98,43.96,BuildingA_Floor2,TypeB
1095,2025-04-07T09:52:37.000Z,16.71,41.99,BuildingA_Floor1,TypeC
1011,2025-04-04T15:30:38.000Z,28.86,32.41,BuildingB_Floor2,TypeC
1049,2025-04-03T22:30:04.000Z,15.68,62.0,BuildingB_Floor2,TypeB
1051,2025-04-06T12:09:46.000Z,17.67,74.97,BuildingB_Floor1,TypeC
1084,2025-04-05T14:55:26.000Z,20.02,64.21,BuildingB_Floor2,TypeA
1037,2025-04-07T08:55:31.000Z,31.79,51.7,BuildingA_Floor2,TypeC
1044,2025-04-06T05:51:10.000Z,20.75,59.76,BuildingB_Floor1,TypeA
1012,2025-04-05T04:42:41.000Z,30.23,61.36,BuildingA_Floor2,TypeA
1052,2025-04-07T00:36:53.000Z,21.13,52.09,BuildingA_Floor2,TypeC
1090,2025-04-06T01:12:21.000Z,29.5,37.29,BuildingA_Floor2,TypeB
1085,2025-04-06T14:09:30.000Z,27.6,58.09,BuildingA_Floor1,TypeB
1050,2025-04-06T09:22:10.000Z,20.18,68.14,BuildingA_Floor1,TypeA
